Cust_Id,FirstName,LastName,DOB,Age,PhoneNumber,Email_ID,MembershipID,DL_Number
30,Nertie,Josephoff,1988-12-11,34,8582946333,njosephoff0@patch.com,M31,W7050353
31,Rory,Burghall,1989-01-23,34,5144737096,rburghall1@gmpg.org,M367,J1532897
32,Jenn,Farman,2002-06-01,20,5761378150,jfarman2@bbc.co.uk,M756,T4023279
33,Glynda,Venners,2001-09-05,21,6624325726,gvenners3@furl.net,M129,Y4229476
34,Shalna,Oldfield,1990-03-06,33,7486019969,soldfield4@mediafire.com,M904,Y9991448
35,Yehudi,Stringer,1987-04-21,35,6348115472,ystringer5@whitehouse.gov,M678,V7061552
36,Collen,Osmon,2002-12-15,20,2959567994,cosmon6@uol.com.br,M947,X3187694
37,Karolina,Stebbings,1982-08-01,40,9245147354,kstebbings7@businessinsider.com,M392,K9923168
38,Pierce,Gile,1983-09-13,39,8068941544,pgile8@geocities.jp,M123,D6738926
39,Dal,Knightley,2007-01-31,16,8381772769,dknightley9@indiegogo.com,M549,K4030432
40,Hugo,Tarborn,2001-03-12,22,6468847755,htarborna@dedecms.com,M813,C7363241
41,Theodora,Tingey,1987-01-09,36,5755870748,ttingeyb@devhub.com,M584,X1286524
42,Julio,Jevon,1996-02-22,27,2106516590,jjevonc@bloomberg.com,M440,X7259017
43,Jared,Rodenhurst,1982-01-14,41,9015529369,jrodenhurstd@umich.edu,M983,W2641730
44,Osbourn,Downie,1988-11-18,34,2449532316,odowniee@ucla.edu,M723,Q8109252
45,Jammal,Picken,1986-05-12,36,4601281047,jpickenf@blog.com,M446,J3855007
46,Dyanna,Bonafacino,1986-03-29,37,9936945406,dbonafacinog@github.io,M588,J4126696
47,Petronilla,Hryncewicz,2007-09-21,15,9981964296,phryncewiczh@redcross.org,M100,N9603045
48,Justinian,Bruton,1981-09-02,41,8646215784,jbrutoni@cnet.com,M795,R9894770
49,Siobhan,Filov,1987-05-14,35,8425246338,sfilovj@uol.com.br,M576,D9032421
50,Gauthier,Brody,1997-03-20,26,1131136780,gbrodyk@comcast.net,M35,C7417097
51,Eliza,Fabri,2002-12-06,20,9358966177,efabril@weather.com,M608,Q1429821
52,Emyle,McClory,2003-08-24,19,5998140070,emcclorym@discuz.net,M84,O6779913
53,Casie,Garvagh,1996-07-18,26,7656982941,cgarvaghn@youtube.com,M327,O4163038
54,Lucien,Ciobotaro,1981-06-10,41,3233666820,lciobotaroo@networkadvertising.org,M599,F1947978
55,Fonzie,Craigg,1996-10-14,26,9493100743,fcraiggp@clickbank.net,M41,Z9018817
56,Thayne,May,2008-08-28,14,8069905181,tmayq@shutterfly.com,M158,B7588360
57,Miles,Charlot,1997-07-18,25,1389983129,mcharlotr@github.io,M396,Z3492338
58,Tami,Creak,1995-10-02,27,8889295421,tcreaks@youku.com,M349,D8333438
59,Fanny,Lumbers,2006-03-23,17,8195247669,flumberst@state.gov,M239,Z5270134
60,Bernetta,Winterbottom,2008-08-12,14,7399826390,bwinterbottomu@slashdot.org,M260,U4850364
61,Cullen,Polon,2000-03-28,23,1939209378,cpolonv@i2i.jp,M482,G1927597
62,Steffen,Padbery,2010-05-28,12,5137452740,spadberyw@ebay.com,M108,Z8843014
63,Nancie,Ditchburn,2004-03-28,19,4483128569,nditchburnx@nyu.edu,M155,R1059996
64,Nikki,Voff,1989-10-07,33,3178261710,nvoffy@tmall.com,M531,K1892201
65,Magdaia,Kubach,1996-04-14,26,8382307796,mkubachz@bigcartel.com,M992,V2504225
66,Sharon,Clandillon,1991-04-08,31,4206919172,sclandillon10@com.com,M103,H2999531
67,Shaine,Prisley,2007-06-24,15,6902188438,sprisley11@netvibes.com,M591,K3280164
68,Bron,Doni,1992-04-19,30,1506405975,bdoni12@w3.org,M326,A3096812
69,Hew,Schimon,1990-03-23,33,4315998362,hschimon13@instagram.com,M674,E7853325
70,Gerry,Barkhouse,1983-06-07,39,1417836403,gbarkhouse14@marriott.com,M162,O2774350
71,Olive,Kleinhausen,2009-02-03,14,2303892096,okleinhausen15@europa.eu,M469,O4597704
72,Bank,Dreakin,1995-03-26,28,4582725609,bdreakin16@blogtalkradio.com,M83,G7092900
73,Joshuah,Reneke,1992-10-20,30,3989257998,jreneke17@linkedin.com,M700,E2322511
74,Franny,O'Hdirscoll,1997-04-22,25,2433298911,fohdirscoll18@spiegel.de,M372,H9984004
75,Quintana,Yurkiewicz,1997-08-23,25,3385075840,qyurkiewicz19@ted.com,M931,C2368359
76,Alfonso,Paydon,1985-09-17,37,6193267715,apaydon1a@dion.ne.jp,M797,E9900050
77,Odelle,Etty,1996-09-17,26,1011265913,oetty1b@instagram.com,M262,F3741702
78,Tina,O' Mara,1982-03-22,41,2689466496,tomara1c@intel.com,M409,B9548906
79,Bab,Ponceford,1982-07-21,40,7928453746,bponceford1d@google.com.hk,M328,I4180427
80,Kermy,Warstall,1990-04-04,32,9824636378,kwarstall1e@mayoclinic.com,M411,C3311467
81,Dane,Venable,2002-01-10,21,9149650845,dvenable1f@wired.com,M625,D8721819
82,Cyrille,Rubinow,2009-02-28,14,1909613056,crubinow1g@php.net,M187,B1475942
83,Sydelle,Torrecilla,1989-08-23,33,8563402806,storrecilla1h@sbwire.com,M722,W2991697
84,Consuela,Sommersett,1997-03-10,26,7285614116,csommersett1i@mac.com,M571,O3848892
85,Nikola,MacNair,1981-05-10,41,5804325970,nmacnair1j@dedecms.com,M358,Q3487276
86,Herta,Ableson,1983-09-09,39,7659342471,hableson1k@imdb.com,M594,W2508819
87,Brit,Cansdill,2000-04-27,22,8899656651,bcansdill1l@engadget.com,M381,U6128339
88,Antonietta,Leuty,1995-10-15,27,3436293512,aleuty1m@boston.com,M653,E3416765
89,Isis,Gryglewski,1980-03-17,43,6292796501,igryglewski1n@census.gov,M704,U6250218
90,Davidson,Smallbone,1991-02-15,32,3166752143,dsmallbone1o@privacy.gov.au,M204,O1048402
91,Bendick,De Santos,1995-01-23,28,4195053985,bdesantos1p@dedecms.com,M72,X5926578
92,Kearney,Hane,1980-11-28,42,9641267657,khane1q@godaddy.com,M828,T8083608
93,Brien,Lennarde,2010-01-03,13,6875232364,blennarde1r@exblog.jp,M669,E1173405
94,Matthiew,Kleinmann,1987-03-22,36,4716421894,mkleinmann1s@free.fr,M131,R2566527
95,Sean,Buxam,1981-04-26,41,5837338130,sbuxam1t@issuu.com,M226,K5617326
96,Reid,Francesconi,1988-03-09,35,9601996570,rfrancesconi1u@ehow.com,M570,J1183233
97,Brad,Kenrat,2000-08-22,22,2822763882,bkenrat1v@de.vu,M579,S4478229
98,Gabbey,Bootton,1982-11-25,40,4802940475,gbootton1w@ox.ac.uk,M323,V8268581
99,Richmond,Trewhella,1982-07-02,40,8519226948,rtrewhella1x@guardian.co.uk,M407,L2791230
100,Glenn,Itzcovich,1994-06-30,28,8852319920,gitzcovich1y@wufoo.com,M911,Z6388511
101,Jarvis,Desouza,2006-10-21,16,9798418578,jdesouza1z@multiply.com,M311,T8041527
102,Ximenes,Harbron,2002-06-14,20,1792990183,xharbron20@about.me,M112,R6174358
103,Calli,Charlon,1986-04-03,36,8966843696,ccharlon21@ow.ly,M951,D2538621
104,Breanne,Gallichan,2007-05-18,15,5985867708,bgallichan22@abc.net.au,M800,T3413207
105,Hazel,Carlaw,2007-11-29,15,6823019780,hcarlaw23@g.co,M886,C8991244
106,Bastian,Anetts,2010-05-10,12,9432585370,banetts24@businessinsider.com,M511,V5619673
107,Merrel,Curreen,1980-04-29,42,1935628865,mcurreen25@wordpress.com,M581,N9197144
108,Giacopo,Burbank,2010-12-10,12,8089783173,gburbank26@newsvine.com,M809,S4076048
109,Guenna,Caras,2007-03-25,16,2671019585,gcaras27@narod.ru,M201,D3044500
110,Feliks,Demsey,2000-03-29,23,5875707966,fdemsey28@si.edu,M322,H5597903
111,Ronny,Gratrex,1987-03-12,36,9608317263,rgratrex29@google.de,M529,Y6741588
112,Woodrow,Issakov,1981-02-25,42,1048532393,wissakov2a@redcross.org,M695,N7865617
113,Frasier,Van der Velde,2010-07-01,12,6457556505,fvandervelde2b@adobe.com,M545,E3744714
114,Alf,Downgate,1995-11-25,27,2685589909,adowngate2c@acquirethisname.com,M32,P9969537
115,Etti,Jaquest,1987-06-08,35,7566022149,ejaquest2d@google.de,M765,L8555370
116,Kizzie,Elphick,1996-10-30,26,9233543978,kelphick2e@bizjournals.com,M856,G1162336
117,Fons,Jonuzi,1997-01-05,26,5464977297,fjonuzi2f@oakley.com,M406,O1629453
118,Tammara,Birtle,2005-08-01,17,9254621794,tbirtle2g@oakley.com,M709,L7385337
119,Nerty,Colloff,2000-10-20,22,1023430250,ncolloff2h@ezinearticles.com,M689,H3597997
120,Winona,Sackett,1996-10-29,26,7486581741,wsackett2i@webs.com,M306,O8156174
121,Blakeley,Fidilis,1986-01-20,37,1006892817,bfidilis2j@jigsy.com,M513,U1804836
122,Bronny,Whitticks,1984-12-18,38,2113777695,bwhitticks2k@facebook.com,M474,X1476567
123,Anabella,Bonn,1990-03-13,33,1847560542,abonn2l@twitpic.com,M755,U5016185
124,Filmore,Antonovic,1998-08-17,24,1321460966,fantonovic2m@va.gov,M635,B6735504
125,Bab,McCory,2008-07-31,14,5865591020,bmccory2n@mlb.com,M966,U7571594
126,Meade,Pescott,2008-11-05,14,9746712501,mpescott2o@zimbio.com,M122,U3868577
127,Vaclav,Fairley,2009-01-01,14,2339976914,vfairley2p@nymag.com,M738,W2548769
128,Winnie,Tapner,1997-12-27,25,6044229216,wtapner2q@sakura.ne.jp,M451,X9073501
129,Suzette,Griffith,1989-11-26,33,9574937618,sgriffith2r@usnews.com,M820,B3979851
130,Lay,Waterstone,2009-03-08,14,8468820813,lwaterstone2s@spotify.com,M658,L5923863
131,Lamond,Potte,2007-10-26,15,2349719961,lpotte2t@usgs.gov,M917,S7159045
132,Amby,Vallow,1986-08-12,36,3794690397,avallow2u@devhub.com,M279,X1786793
133,Doyle,Bearward,1988-05-29,34,6652528595,dbearward2v@cbslocal.com,M812,W1894229
134,Noel,Klempke,2010-04-06,12,9067177784,nklempke2w@sbwire.com,M475,C6586600
135,Willamina,Milksop,1992-03-08,31,1589022318,wmilksop2x@nhs.uk,M154,O7354116
136,Amber,Mullard,2002-03-21,21,9653285299,amullard2y@mediafire.com,M857,B2475590
137,Chad,Chate,1981-05-13,41,2422281706,cchate2z@furl.net,M841,O7073022
138,Thaddus,Franz-Schoninger,1990-12-24,32,7846327235,tfranzschoninger30@newsvine.com,M675,H8257031
139,Glyn,Viney,1992-01-10,31,4598118321,gviney31@indiegogo.com,M822,T3051438
140,Casper,Howford,2003-01-19,20,3121108627,chowford32@cornell.edu,M491,C4713044
141,Zelig,Britnell,1991-06-14,31,3225708857,zbritnell33@amazon.de,M802,M6061056
142,Jase,Grosvenor,2005-03-09,18,2423317832,jgrosvenor34@ed.gov,M805,D8825055
143,Norri,Inge,1988-10-18,34,2891090975,ninge35@boston.com,M457,N7485377
144,Clarence,Benoit,2008-02-01,15,1579169464,cbenoit36@stumbleupon.com,M251,D5638758
145,Kellby,Bligh,1995-02-08,28,6859196930,kbligh37@creativecommons.org,M751,K2056455
146,Laurene,Ghiroldi,1991-11-14,31,5278462274,lghiroldi38@google.nl,M705,D6993859
147,Trish,Hoyt,2007-12-28,15,9041881676,thoyt39@t-online.de,M713,K2262418
148,Claudie,Jean,2010-04-20,12,2484091700,cjean3a@dell.com,M308,K8668697
149,Emelia,Worswick,1984-12-21,38,6018797728,eworswick3b@taobao.com,M424,C2634664
150,Roland,Riddock,1998-11-12,24,4542758288,rriddock3c@theglobeandmail.com,M415,A3957634
151,Caitrin,Kynder,2005-12-02,17,3561064865,ckynder3d@apache.org,M59,N9445053
152,Hendrick,Quillinane,1999-12-19,23,6341806721,hquillinane3e@cpanel.net,M185,L5833406
153,Jacenta,Langsdon,1980-08-24,42,4297839600,jlangsdon3f@addtoany.com,M899,L4757643
154,Raimund,Vispo,1991-06-17,31,1861335019,rvispo3g@bandcamp.com,M546,X2853391
155,Emmy,Peasnone,1984-07-14,38,7045603124,epeasnone3h@kickstarter.com,M182,V3602383
156,Lauree,McDermot,1991-11-02,31,5109064373,lmcdermot3i@nature.com,M892,M2472897
157,Glory,Jeromson,2008-08-21,14,5584315043,gjeromson3j@salon.com,M982,U7790191
158,Hadleigh,Ellesmere,2008-12-23,14,1191994253,hellesmere3k@tripadvisor.com,M649,Z6660152
159,Gianni,Alentyev,1989-10-01,33,8802481711,galentyev3l@ow.ly,M278,H7389058
160,Winne,Treneman,1996-07-30,26,4871242546,wtreneman3m@tinypic.com,M101,I7326512
161,Katuscha,Keyho,2001-03-03,22,7008867641,kkeyho3n@google.com.br,M997,Q5758265
162,Aurilia,Tart,2006-09-30,16,6253749769,atart3o@fastcompany.com,M533,S8891972
163,Alric,Hynd,1999-02-22,24,2893999978,ahynd3p@altervista.org,M535,O8563367
164,Lira,Janic,1984-09-08,38,1438809900,ljanic3q@de.vu,M330,T1348928
165,Ashleigh,Boylin,1996-02-18,27,6921202657,aboylin3r@cbc.ca,M832,B6049187
166,Debbi,Tilston,1991-08-27,31,8897232807,dtilston3s@tripod.com,M245,J2494922
167,Hubie,Labrom,1987-01-19,36,6598855203,hlabrom3t@cafepress.com,M114,K9184612
168,Scotti,Levings,1988-02-03,35,7014238590,slevings3u@google.com,M893,V5180983
169,Shannon,Hanmore,1997-05-30,25,6799393477,shanmore3v@netscape.com,M816,E3892100
170,Sloan,Astlatt,2000-06-17,22,3563854181,sastlatt3w@hc360.com,M301,V7943693
171,Aldon,Stoner,1986-05-11,36,3066524810,astoner3x@linkedin.com,M735,W8859629
172,Gloriana,Kroll,2000-01-11,23,4966318890,gkroll3y@acquirethisname.com,M900,N4504555
173,Livia,McLennan,1980-12-02,42,1864258607,lmclennan3z@naver.com,M382,H9388882
174,Darlleen,Wickendon,1990-03-15,33,7271047013,dwickendon40@163.com,M732,D3664478
175,Melessa,Bampkin,1999-02-19,24,6705385878,mbampkin41@princeton.edu,M171,X9383673
176,Andromache,Husselbee,2004-06-21,18,3319155393,ahusselbee42@cbsnews.com,M547,M3875322
177,Temp,Absolom,2003-05-24,19,7711976439,tabsolom43@miitbeian.gov.cn,M808,E9562350
178,Velma,MacMorland,2006-09-26,16,2991702369,vmacmorland44@smh.com.au,M378,C7130362
179,Constantin,Wurz,2000-11-13,22,6796417505,cwurz45@cisco.com,M315,F5232427
180,Lainey,Pierce,2000-03-04,23,9716508555,lpierce46@yolasite.com,M768,B5511468
181,Stanislaus,Shillabear,1998-07-18,24,8426343672,sshillabear47@devhub.com,M133,C8804899
182,Frances,Gollin,1989-05-26,33,5307040515,fgollin48@netscape.com,M220,C4952280
183,Zebulon,Barlace,2007-03-24,16,3002906773,zbarlace49@nyu.edu,M242,B2391948
184,Gar,Eardley,1986-10-24,36,9991366248,geardley4a@nytimes.com,M745,L9552548
185,Kristofor,Kmietsch,1988-09-12,34,6572600343,kkmietsch4b@deviantart.com,M562,J2804632
186,Willem,Wardell,1989-09-11,33,3627139985,wwardell4c@mapquest.com,M818,Q4965454
187,Humphrey,Duck,1992-11-29,30,2811186281,hduck4d@lulu.com,M933,G4886306
188,Bailie,Barrett,2007-08-10,15,6471239114,bbarrett4e@furl.net,M78,F7226302
189,Knox,Cotmore,1984-09-05,38,7184867004,kcotmore4f@slideshare.net,M876,J2745315
190,Caddric,Richardet,2001-06-10,21,7206862048,crichardet4g@xrea.com,M166,M5862915
191,Vladimir,Dannel,2004-03-30,19,5001424452,vdannel4h@irs.gov,M289,D5808869
192,Giovanni,Lipson,1989-12-16,33,8037835951,glipson4i@ihg.com,M926,T7789005
193,Cornelle,Webland,2001-01-01,22,7388318441,cwebland4j@blogtalkradio.com,M280,S9892365
194,Lauritz,Quarrington,2008-08-03,14,3701267945,lquarrington4k@newyorker.com,M399,L3014133
195,Meara,Henniger,1981-12-30,41,6704507363,mhenniger4l@time.com,M247,K2151263
196,Flemming,Crust,1981-06-27,41,5538539222,fcrust4m@foxnews.com,M686,T6508785
197,Drusy,Murtell,2001-11-02,21,7418072527,dmurtell4n@friendfeed.com,M637,J7770105
198,Garrett,Stitfall,1997-08-17,25,9341933214,gstitfall4o@usatoday.com,M508,Y7202503
199,Regan,Colleer,1982-09-09,40,2823495055,rcolleer4p@webmd.com,M632,O7211835
200,Patrizio,Westcot,2003-07-07,19,2392161959,pwestcot4q@fastcompany.com,M273,Z7372321
201,Luce,Bront,2007-08-17,15,2884412817,lbront4r@mapy.cz,M164,S3328845
202,Ilene,Cowdery,1990-04-08,32,3077983239,icowdery4s@ask.com,M57,B6970316
203,Austen,Pryce,1992-10-23,30,3698082460,apryce4t@yahoo.com,M663,A1422174
204,Kathlin,Puttrell,2006-05-12,16,7796690146,kputtrell4u@twitpic.com,M256,H3657659
205,Clarke,Lutz,1984-01-16,39,5633440011,clutz4v@dedecms.com,M374,N8639645
206,Luis,Apedaile,1980-12-12,42,4602771690,lapedaile4w@nbcnews.com,M97,J5854487
207,Dulsea,Dudney,1995-08-08,27,4716178420,ddudney4x@jugem.jp,M976,R5354495
208,Madella,Larimer,1987-06-11,35,1979508651,mlarimer4y@linkedin.com,M197,B1147017
209,Obadias,Lortzing,1987-01-08,36,4051898298,olortzing4z@dagondesign.com,M91,W5451021
210,Candida,Debrett,1994-03-22,29,9938761460,cdebrett50@deviantart.com,M859,N6983686
211,Adolf,Walwood,2003-12-28,19,4782874561,awalwood51@webnode.com,M283,M6079236
212,Maxie,Ransbury,2009-07-01,13,4299321697,mransbury52@japanpost.jp,M602,P6225065
213,Darcee,Lydall,1998-11-07,24,3174641048,dlydall53@naver.com,M810,R6470721
214,Wenda,Ahearne,1996-03-08,27,9064853374,wahearne54@ask.com,M737,S8826303
215,Susie,Endacott,1992-07-17,30,7671264365,sendacott55@bloomberg.com,M891,P6399829
216,Maribeth,Snadden,1988-09-07,34,7089854064,msnadden56@exblog.jp,M305,I2612858
217,Luisa,Pohl,1987-11-30,35,8127111597,lpohl57@ebay.co.uk,M819,X7608901
218,Granthem,Waliszewski,2002-07-05,20,9426337880,gwaliszewski58@google.co.jp,M248,O8010185
219,Ofella,Wadly,2002-09-30,20,9483865168,owadly59@parallels.com,M99,V5260153
220,Katinka,MacElane,2007-12-25,15,8321576421,kmacelane5a@wisc.edu,M93,Y2335653
221,Alena,Jahnel,2001-02-15,22,7041871168,ajahnel5b@posterous.com,M142,L9072233
222,Chaddy,Vankeev,2005-08-10,17,3214302934,cvankeev5c@hexun.com,M953,E3861887
223,Leonard,Bims,1992-05-26,30,6193754614,lbims5d@answers.com,M302,O1600985
224,Margaretha,Reddan,2005-04-01,18,8896798812,mreddan5e@whitehouse.gov,M116,Q7216372
225,Gonzalo,Parton,1982-02-13,41,8137764080,gparton5f@quantcast.com,M420,R6167510
226,Ranice,Pinney,2007-10-24,15,3419402707,rpinney5g@printfriendly.com,M58,M7087080
227,Israel,Lathleiffure,1986-03-26,37,1141937772,ilathleiffure5h@drupal.org,M390,J5421204
228,Rasia,Argile,1999-03-30,24,9634149187,rargile5i@ning.com,M749,Q7173717
229,Brock,Vannuchi,2002-08-24,20,6309613678,bvannuchi5j@furl.net,M167,G6699953
230,Burton,Bowerbank,1980-05-02,42,7263796832,bbowerbank5k@photobucket.com,M945,Q1589288
231,Raychel,Barwell,1991-01-28,32,3936242255,rbarwell5l@tmall.com,M128,D9717289
232,George,Cuttelar,1993-10-04,29,5752953578,gcuttelar5m@washington.edu,M965,E2440137
233,Arden,Cops,1992-05-14,30,9139561375,acops5n@cloudflare.com,M701,Y9272156
234,Gardiner,Row,1994-08-14,28,5217150460,grow5o@a8.net,M620,X7608980
235,Wallie,Ortmann,2004-09-28,18,4546506350,wortmann5p@shutterfly.com,M616,R5261910
236,Xavier,Blessed,2007-01-04,16,2602392664,xblessed5q@buzzfeed.com,M478,J5664984
237,Lemar,Barkas,2006-10-09,16,4297718268,lbarkas5r@rediff.com,M673,U7465793
238,Darrell,Barense,2000-09-14,22,4586656616,dbarense5s@dell.com,M930,N6825562
239,Maurie,Causbey,2006-02-22,17,8272779410,mcausbey5t@skyrock.com,M923,W5310982
240,Marcel,Nield,1992-02-16,31,1351455616,mnield5u@example.com,M96,A4891517
241,Wilmer,Kestian,1986-09-16,36,3209562914,wkestian5v@foxnews.com,M450,F6199209
242,Jsandye,Wickersham,2005-03-27,18,9789557253,jwickersham5w@dailymotion.com,M432,T8986590
243,Emalia,France,1986-04-04,36,1249473603,efrance5x@accuweather.com,M621,T8901858
244,Maddalena,Sancraft,1993-12-31,29,2296672977,msancraft5y@scribd.com,M403,T6106383
245,Brina,Chewter,1991-12-30,31,7366350137,bchewter5z@cnn.com,M633,T2445439
246,Roselle,Furnell,2000-11-06,22,9862186448,rfurnell60@yahoo.co.jp,M804,Z6004276
247,Petunia,Annis,1989-10-18,33,7849572741,pannis61@unblog.fr,M516,U3535060
248,Milka,Wales,2008-01-14,15,3762492086,mwales62@phpbb.com,M225,I7622843
249,Timi,Bachmann,2001-06-06,21,9318818042,tbachmann63@bloglines.com,M636,B6262914
250,Dionisio,Renton,1980-06-28,42,6363089919,drenton64@discovery.com,M553,N3554921
251,Wayland,Rushman,2008-08-17,14,4422071777,wrushman65@dropbox.com,M825,M9853326
252,Edithe,Twiname,1993-10-02,29,2548825975,etwiname66@sun.com,M47,G3617842
253,Christyna,Thurman,1990-04-01,33,8311915443,cthurman67@latimes.com,M973,M7094332
254,Aeriela,Mattek,1989-05-13,33,9933591021,amattek68@over-blog.com,M53,H7691387
255,Wilfrid,Sterndale,2005-09-06,17,2195789811,wsterndale69@cisco.com,M536,W9584174
256,Rik,McGinnis,2009-11-15,13,4618207725,rmcginnis6a@live.com,M466,M7044566
257,Eleonora,Augie,1989-12-30,33,3209270261,eaugie6b@flickr.com,M296,B1359455
258,Freddy,Grelak,1991-09-08,31,5998373982,fgrelak6c@engadget.com,M952,H8362857
259,Chelsea,Squeers,1991-07-30,31,8747009473,csqueers6d@hud.gov,M422,S2943909
260,Dareen,Heliet,1989-09-19,33,6617384133,dheliet6e@oaic.gov.au,M337,Q9205412
261,Simonette,O'Hallagan,1993-02-07,30,2144910897,sohallagan6f@xinhuanet.com,M903,L8981443
262,Ursulina,Sewill,1992-01-15,31,9002137232,usewill6g@symantec.com,M696,T5058730
263,Mortimer,Ree,1992-11-30,30,2756684044,mree6h@hp.com,M530,K4017752
264,Nestor,Gartside,2002-05-23,20,1888975842,ngartside6i@homestead.com,M276,T3894624
265,Glen,Kluss,1993-12-29,29,5469666563,gkluss6j@vkontakte.ru,M343,B5461923
266,Georges,Ivanyutin,2009-09-25,13,1267468886,givanyutin6k@barnesandnoble.com,M600,A2840573
267,Dew,Spiniello,1986-06-16,36,6561993930,dspiniello6l@slideshare.net,M178,J6284740
268,Norine,Brute,1983-03-14,40,9637523448,nbrute6m@lycos.com,M408,R7964349
269,Bibi,MacCoughen,2000-02-11,23,7247405888,bmaccoughen6n@yelp.com,M914,Q2355891
270,Shell,Wealleans,2000-10-11,22,4693106764,swealleans6o@csmonitor.com,M582,V7100017
271,Jacintha,Cory,1981-09-12,41,2007432959,jcory6p@goo.gl,M617,S7012172
272,Taddeusz,Plum,1997-08-20,25,6068794132,tplum6q@scribd.com,M865,K8091718
273,Addi,MacGibbon,2006-10-17,16,1578217862,amacgibbon6r@tiny.cc,M454,I6908994
274,Sarah,Neno,2009-10-06,13,6604928175,sneno6s@vk.com,M922,H8660365
275,Georas,Bourner,1992-12-20,30,5167226231,gbourner6t@dell.com,M303,T1892969
276,Roosevelt,Yockley,1984-01-15,39,5851204338,ryockley6u@webeden.co.uk,M956,W8572718
277,Haley,Turpie,1995-11-12,27,4095285063,hturpie6v@elpais.com,M212,X7901366
278,Maurie,Wythe,2007-08-30,15,1766376820,mwythe6w@google.co.uk,M484,N8077061
279,Bonny,Heugle,1988-02-26,35,4299236883,bheugle6x@issuu.com,M199,G6637974
280,Hortensia,Grigori,1992-06-11,30,4474889803,hgrigori6y@google.es,M665,C4730992
281,Cordi,Bullough,1980-09-28,42,8559123629,cbullough6z@surveymonkey.com,M436,S8414208
282,Aridatha,Fridd,1982-12-21,40,4672205314,afridd70@digg.com,M85,A3194941
283,Jon,Nesbeth,2005-12-22,17,6001027649,jnesbeth71@ifeng.com,M752,I7032983
284,Hadrian,Creagh,1995-10-27,27,3983957888,hcreagh72@hp.com,M198,P3151425
285,Dennis,Putton,1990-05-09,32,4772473672,dputton73@bloomberg.com,M218,D5733329
286,Yankee,Schubart,2010-10-22,12,5861935890,yschubart74@tripadvisor.com,M39,H6943294
287,Alleen,Skeldon,1993-06-20,29,2609186373,askeldon75@pagesperso-orange.fr,M734,L2733826
288,Patsy,Pennick,2004-11-23,18,1807302327,ppennick76@freewebs.com,M506,T7684771
289,Noami,Gapper,1988-05-09,34,2687733700,ngapper77@wufoo.com,M417,D4129970
290,Terrence,Felipe,1981-05-10,41,1653181056,tfelipe78@myspace.com,M325,M3356544
291,Quincey,Judkin,2002-03-20,21,8197530718,qjudkin79@google.de,M598,N2112038
292,Avrom,Swatten,1985-07-18,37,7563057035,aswatten7a@dell.com,M687,S3830877
293,Janela,Halsall,1993-09-16,29,8055324163,jhalsall7b@wunderground.com,M773,A5027116
294,Dante,Thickens,2006-11-26,16,6935727953,dthickens7c@abc.net.au,M741,X9637948
295,Tabbitha,Barthrop,1987-12-28,35,7377558474,tbarthrop7d@google.nl,M872,X7213673
296,Garfield,Treves,1983-02-23,40,7572401235,gtreves7e@microsoft.com,M140,A4455621
297,Gauthier,Daniells,2010-11-20,12,7274258465,gdaniells7f@pcworld.com,M79,I7610121
298,Maryjane,Manketell,1981-07-04,41,4692480814,mmanketell7g@naver.com,M949,H3451908
299,Dev,Palombi,2007-12-09,15,4082036353,dpalombi7h@1und1.de,M479,Y1002344
300,Elene,Labon,1986-07-11,36,2816698094,elabon7i@apple.com,M464,M2631995
301,Jeremy,Rapi,2006-10-25,16,2473209819,jrapi7j@drupal.org,M728,Y7115648
302,Udell,Lohden,1982-10-24,40,3703800592,ulohden7k@indiegogo.com,M656,O2186847
303,Dionisio,Cobden,2000-10-13,22,4309313603,dcobden7l@washington.edu,M384,R6975208
304,Antonino,Blooman,1984-04-16,38,9123567302,ablooman7m@lulu.com,M644,Y1978153
305,Yankee,Bernadot,1999-07-29,23,1259551201,ybernadot7n@walmart.com,M565,C2351560
306,Tasia,Callander,2001-05-06,21,1328336708,tcallander7o@europa.eu,M40,Z5287766
307,Carline,Climar,1993-12-14,29,5136844251,cclimar7p@scribd.com,M196,X6977012
308,Sigfrid,Georgel,2002-10-13,20,2703625863,sgeorgel7q@globo.com,M117,H5025514
309,Ania,Braven,2008-03-12,15,2574912778,abraven7r@ehow.com,M33,Y4398339
310,Brody,Twohig,2001-01-26,22,7079674616,btwohig7s@ycombinator.com,M969,J1929407
311,Staffard,Bernardin,2008-01-06,15,9699230742,sbernardin7t@meetup.com,M681,C3789240
312,Jamesy,Broomhead,2000-09-20,22,7078030994,jbroomhead7u@tinyurl.com,M234,S8357702
313,Lauritz,Ashcroft,1997-03-17,26,9049089964,lashcroft7v@shop-pro.jp,M193,O2226812
314,Kizzee,Smorthit,2005-05-05,17,8999434214,ksmorthit7w@mail.ru,M52,A2403594
315,Herbert,Adlard,1996-01-02,27,9192000111,hadlard7x@stumbleupon.com,M340,K8013466
316,Renado,Peeters,2000-12-02,22,9255690770,rpeeters7y@whitehouse.gov,M634,Y4770485
317,Shane,Gruszka,2002-05-29,20,9536965432,sgruszka7z@jiathis.com,M401,D4976705
318,Devin,Gomm,2002-09-22,20,5486312517,dgomm80@yale.edu,M81,Y3666699
319,Amye,Ruprechter,1998-09-10,24,7968790820,aruprechter81@issuu.com,M748,J8097692
320,Dennie,Franseco,2003-05-08,19,6444886689,dfranseco82@ox.ac.uk,M254,F7267372
321,Hattie,Hammerstone,1983-10-10,39,5161687280,hhammerstone83@scribd.com,M897,Z8803393
322,Angelika,Shipston,1998-12-17,24,2768651918,ashipston84@godaddy.com,M760,L4313285
323,Ganny,Agent,1995-01-17,28,8163348910,gagent85@slideshare.net,M946,D2624228
324,Maiga,Nuscha,1987-02-10,36,7288280817,mnuscha86@wp.com,M172,R8957071
325,Raff,Moriarty,2008-06-23,14,4043968119,rmoriarty87@people.com.cn,M395,Y2693693
326,Freeland,Canario,2009-09-15,13,1758566859,fcanario88@patch.com,M881,N4722867
327,Eberhard,Cadogan,2005-03-19,18,1874569728,ecadogan89@google.de,M485,V6964979
328,Eamon,McAlarney,1990-08-08,32,4017517001,emcalarney8a@marriott.com,M37,T8473171
329,Brade,Curnow,1994-03-19,29,4647994465,bcurnow8b@pbs.org,M285,A2792467
330,Menard,Frisby,1981-06-23,41,1407943600,mfrisby8c@bing.com,M863,G8621121
331,Rustin,Curgenven,1999-11-13,23,8963702288,rcurgenven8d@geocities.jp,M151,K3071832
332,Pegeen,Oliffe,2000-04-10,22,5246764396,poliffe8e@gravatar.com,M595,K6047777
333,Moritz,Latan,1996-07-12,26,6175587901,mlatan8f@canalblog.com,M175,O2869138
334,Kerr,Civitillo,2005-03-12,18,3273792866,kcivitillo8g@ow.ly,M70,N9705857
335,Nikoletta,Trassler,1981-01-22,42,7894704163,ntrassler8h@imageshack.us,M572,F2017402
336,Archie,Bruneau,2003-06-10,19,2706063285,abruneau8i@aol.com,M188,J3972834
337,Octavius,Rignall,1988-12-05,34,9551009312,orignall8j@cnn.com,M794,J6411229
338,Konstantin,Masser,2002-04-24,20,1707555397,kmasser8k@google.nl,M655,E6611122
339,Ambrosio,Stuchbery,2004-05-06,18,2071924841,astuchbery8l@chron.com,M203,J3512034
340,Leontyne,Mougin,1999-05-16,23,5124495415,lmougin8m@uiuc.edu,M826,Q2130083
341,Joli,Buxcey,1992-07-21,30,5975219094,jbuxcey8n@sakura.ne.jp,M307,A3469759
342,Rand,Jelliman,1992-05-22,30,8831464871,rjelliman8o@amazon.co.jp,M567,Y3528154
343,Cosmo,Davet,1992-10-29,30,9012529898,cdavet8p@webmd.com,M38,J4254499
344,Kile,Ryves,1987-07-30,35,5729488724,kryves8q@cbc.ca,M207,R4312227
345,Jania,Rojas,1998-11-25,24,6617137553,jrojas8r@vimeo.com,M356,F2523927
346,Lolita,Girtin,1997-09-20,25,3228022636,lgirtin8s@aol.com,M702,F5006112
347,Gabi,Poge,1981-07-25,41,6001156086,gpoge8t@apple.com,M657,Z7231325
348,Benoite,Ollivier,2004-01-06,19,5662527243,bollivier8u@dell.com,M339,Y8948231
349,Daisie,Farnaby,1994-07-18,28,7881078638,dfarnaby8v@qq.com,M391,V4374764
350,Worden,Todeo,1993-03-25,30,7778696211,wtodeo8w@list-manage.com,M163,E5365462
351,Dagny,Jime,1988-03-06,35,4342449150,djime8x@miibeian.gov.cn,M331,R9087179
352,Sarajane,Waliszewski,2010-12-03,12,1291762639,swaliszewski8y@weebly.com,M587,O9586692
353,Ewell,Morten,2009-02-13,14,2783632254,emorten8z@sfgate.com,M210,Y6340063
354,Maximilianus,Bukowski,1981-01-03,42,3045433021,mbukowski90@cocolog-nifty.com,M971,I3529756
355,Eddie,Brosi,1990-09-18,32,3656476153,ebrosi91@google.de,M895,K8588772
356,Phillipp,Oldrey,2002-03-06,21,8679804147,poldrey92@storify.com,M363,F8326755
357,Yoko,Porrett,1998-02-17,25,5965842132,yporrett93@merriam-webster.com,M253,L8412086
358,Alix,Philips,1985-09-18,37,3017160642,aphilips94@vimeo.com,M935,U7927271
359,Mireille,Frankiewicz,1980-02-04,43,3381795716,mfrankiewicz95@usnews.com,M703,P9093685
360,Guy,Sammon,1982-03-14,41,3322760731,gsammon96@nih.gov,M369,M6775501
361,Caleb,Escolme,1991-06-26,31,2832482445,cescolme97@shareasale.com,M211,J5750054
362,Darrelle,McKniely,2007-01-09,16,3673545475,dmckniely98@loc.gov,M227,O8782273
363,Odell,Caverhill,1989-03-02,34,8188323311,ocaverhill99@rambler.ru,M590,E9283146
364,Ivett,Bellini,1981-01-17,42,6743045958,ibellini9a@stanford.edu,M472,W1335460
365,Lauren,Blockwell,2003-08-03,19,8894606969,lblockwell9b@goo.gl,M680,K8989929
366,Hanna,Lambird,1996-12-07,26,3637563281,hlambird9c@phpbb.com,M544,J1819057
367,Petra,Lipscombe,1996-04-22,26,1354151818,plipscombe9d@ifeng.com,M143,A9084594
368,Micheil,Ferrillio,1985-06-16,37,2163706242,mferrillio9e@apple.com,M517,A8306139
369,Gael,Leftwich,2008-10-12,14,5309128824,gleftwich9f@xrea.com,M334,M7849160
370,Hestia,Slocket,1998-07-30,24,2142893248,hslocket9g@nytimes.com,M662,X7466997
371,Meredith,Genty,1991-08-03,31,1783615978,mgenty9h@npr.org,M159,M5390058
372,Orv,Hanhart,1992-01-10,31,2373292398,ohanhart9i@flickr.com,M762,J6982433
373,Gran,Wyper,1996-05-01,26,6684484381,gwyper9j@usnews.com,M507,R5335365
374,Claudius,Anear,1981-04-16,41,4069629907,canear9k@gov.uk,M286,Y6563169
375,Christabella,Seeds,2004-11-14,18,9798576312,cseeds9l@bravesites.com,M394,Y9512419
376,Matias,Bertomier,1988-02-20,35,5193869016,mbertomier9m@people.com.cn,M710,Y2726599
377,Boony,Flohard,1991-02-19,32,4094866995,bflohard9n@goodreads.com,M489,W7341365
378,Cedric,Meere,2008-10-08,14,9999065336,cmeere9o@forbes.com,M183,P7151417
379,Patric,McCraw,1992-08-21,30,5878863447,pmccraw9p@guardian.co.uk,M324,T3136673
380,Janelle,Benedidick,1990-07-22,32,4542741135,jbenedidick9q@guardian.co.uk,M144,R9228171
381,Waylen,Limbourne,1982-05-28,40,2193899145,wlimbourne9r@artisteer.com,M522,N3815882
382,Sapphire,Haskey,1983-02-19,40,9489441981,shaskey9s@360.cn,M416,R9748790
383,Reade,Giacopetti,1993-04-15,29,8819513579,rgiacopetti9t@vistaprint.com,M786,J3704900
384,Mady,Luck,1997-11-06,25,6542418769,mluck9u@buzzfeed.com,M679,S7689725
385,Gaultiero,MacCorkell,1998-03-24,25,1079537886,gmaccorkell9v@123-reg.co.uk,M692,G4955502
386,Orelle,De Vile,1995-10-28,27,4467709114,odevile9w@jiathis.com,M270,B4420549
387,Johnette,Olenov,1986-01-27,37,2716891305,jolenov9x@webs.com,M66,L9772015
388,Neile,Garr,1990-04-19,32,1431979716,ngarr9y@4shared.com,M94,W3115043
389,Kellina,Tims,2010-08-06,12,7594131513,ktims9z@google.it,M139,Z4926849
390,Jessalin,Valentetti,1982-11-01,40,3964135389,jvalentettia0@shutterfly.com,M767,C5937019
391,Lovell,Hoofe,1982-05-24,40,8328279418,lhoofea1@scribd.com,M200,Y8171021
392,Loydie,Dudbridge,1985-07-23,37,1032148751,ldudbridgea2@whitehouse.gov,M614,O1423349
393,Salaidh,Tickner,2005-02-06,18,1741641749,sticknera3@51.la,M854,Y3080660
394,Margo,Heino,2001-04-08,21,3376334677,mheinoa4@cnn.com,M851,R7238586
395,Reinaldos,Hordle,1997-03-08,26,6721572099,rhordlea5@china.com.cn,M557,R4857549
396,Filia,Hempshall,1996-01-06,27,3024160147,fhempshalla6@wikispaces.com,M981,T6521587
397,Curtice,O'Heneghan,1988-06-19,34,1226366236,coheneghana7@bloglovin.com,M601,P4300684
398,Rowen,Clift,1980-05-14,42,4819911610,rclifta8@sakura.ne.jp,M402,F7950285
399,Josee,MacCallester,1996-01-22,27,5514804467,jmaccallestera9@newyorker.com,M224,Z7701972
400,Jarad,Martijn,1995-01-16,28,2099778476,jmartijnaa@csmonitor.com,M352,X4116490
401,Husein,Karpets,1986-12-18,36,8211794331,hkarpetsab@usda.gov,M830,Z2372244
402,Morgen,Dillinton,1986-06-16,36,6011006155,mdillintonac@usgs.gov,M62,R5045395
403,Geraldine,De Dei,1999-12-07,23,6138797005,gdedeiad@pen.io,M371,B9899234
404,Angie,Havenhand,1981-12-14,41,4187047199,ahavenhandae@wikia.com,M688,Y6045127
405,Romola,Bonnette,1984-11-13,38,5385932832,rbonnetteaf@imgur.com,M842,T1725993
406,Guido,Farrah,2000-07-30,22,2257017215,gfarrahag@craigslist.org,M376,K6925688
407,Gabriele,Evans,2002-05-09,20,5423648373,gevansah@51.la,M948,L3036501
408,Denise,Josling,1985-02-26,38,9137873280,djoslingai@domainmarket.com,M231,S8572459
409,Corissa,Heersma,1980-10-26,42,6452787794,cheersmaaj@vkontakte.ru,M604,Y2961410
410,Tyrone,Shirer,1981-03-21,42,9152441253,tshirerak@uol.com.br,M718,P2179389
411,Budd,Iannuzzelli,2000-04-09,22,2831968775,biannuzzellial@ted.com,M318,U1462597
412,Luis,Osgordby,2001-04-18,21,7122024503,losgordbyam@nifty.com,M494,I2408067
413,Marlo,Larrington,1991-05-22,31,1545689597,mlarringtonan@myspace.com,M309,C7696758
414,Thedrick,Hammor,2007-03-18,16,1584441128,thammorao@fastcompany.com,M194,Z7500083
415,Cynthie,Fulbrook,2000-05-15,22,7941898555,cfulbrookap@dropbox.com,M389,Z3391885
416,Tim,Cicutto,2002-03-22,21,3998625339,tcicuttoaq@comcast.net,M206,Z1483730
417,Erinn,Myderscough,1997-09-29,25,7523122268,emyderscoughar@businessinsider.com,M990,N2428232
418,Crosby,Turneux,1988-05-19,34,6803064543,cturneuxas@fc2.com,M71,Y2399413
419,Xylia,Snead,2004-06-25,18,7148052697,xsneadat@tamu.edu,M471,W4730449
420,Court,Pappi,1998-04-05,24,5913198479,cpappiau@eepurl.com,M426,D8678941
421,Andres,Di Biasi,2006-07-21,16,2573515109,adibiasiav@hhs.gov,M937,D5629771
422,Germayne,Faircloth,2004-07-01,18,8379936670,gfairclothaw@nytimes.com,M848,P8849349
423,Philipa,Grigolashvill,1991-02-16,32,1363009276,pgrigolashvillax@addtoany.com,M514,T8082202
424,Valentine,MacEvilly,1992-01-28,31,7228574632,vmacevillyay@ucoz.ru,M504,R5559307
425,Buiron,Diament,1990-05-28,32,9084691243,bdiamentaz@amazonaws.com,M127,P4383933
426,Ev,Pauli,2005-10-30,17,9147280093,epaulib0@symantec.com,M550,T5837873
427,Myrle,Pendred,2010-06-05,12,4047662699,mpendredb1@aboutads.info,M434,E8941129
428,Gan,Huban,1989-04-16,33,3034736588,ghubanb2@addtoany.com,M277,W9676970
429,Simeon,Underdown,1984-12-24,38,5665670355,sunderdownb3@flickr.com,M495,V2514883
430,Queenie,Wesson,2007-09-13,15,7071678182,qwessonb4@cbslocal.com,M782,H1167094
431,Betteanne,Scholler,1980-05-03,42,7972920507,bschollerb5@wix.com,M780,U9990860
432,Tana,Sisselot,2005-02-21,18,4422964663,tsisselotb6@dailymotion.com,M427,B5181285
433,Rey,McGrayle,1987-08-22,35,5746141165,rmcgrayleb7@ifeng.com,M958,W2568410
434,Colette,Gathercole,1980-09-04,42,5868878756,cgathercoleb8@blinklist.com,M853,W2273672
435,Mariya,Posen,1988-05-07,34,2529968401,mposenb9@bizjournals.com,M714,A6131524
436,Mabelle,Deeley,1995-05-11,27,4895938343,mdeeleyba@tuttocitta.it,M44,L3366222
437,Sharity,Coverdill,2004-03-18,19,1779714848,scoverdillbb@unesco.org,M840,X8708431
438,Richmound,Gambie,1997-04-29,25,7218607243,rgambiebc@oracle.com,M729,D2464016
439,Ulrika,Grayshan,2007-05-08,15,3949076185,ugrayshanbd@csmonitor.com,M711,B3967209
440,Yancy,Pabelik,1988-12-05,34,3368592914,ypabelikbe@prnewswire.com,M938,Q6094124
441,Lorrie,Frissell,2001-08-09,21,4348389117,lfrissellbf@fema.gov,M329,Z7873773
442,Kacie,McGrory,1985-09-02,37,7332951408,kmcgrorybg@redcross.org,M492,C4099571
443,Hugo,Weed,1991-06-24,31,7148155432,hweedbh@smh.com.au,M105,C1987763
444,Washington,Secretan,1996-11-29,26,5118718821,wsecretanbi@hugedomains.com,M698,E2361983
445,Lesya,Hynd,1995-10-31,27,2577106157,lhyndbj@wisc.edu,M121,S4422506
446,Pepito,Corteis,1999-08-17,23,4427034897,pcorteisbk@wikia.com,M445,D1081781
447,Gert,Rosenstein,1993-11-04,29,9732038313,grosensteinbl@nasa.gov,M846,M8970820
448,Beau,Tunney,1993-11-08,29,2006571440,btunneybm@booking.com,M980,V8594208
449,Zachary,Kindley,1989-11-02,33,4777362854,zkindleybn@noaa.gov,M503,K8368157
450,Yehudi,Hamp,2002-03-05,21,5068269239,yhampbo@google.com.au,M473,N1520126
451,Leonhard,Darlaston,1994-09-25,28,3895696418,ldarlastonbp@etsy.com,M862,N9218227
452,Bo,Haylands,2007-09-03,15,2992866876,bhaylandsbq@comsenz.com,M781,M6781685
453,Hannie,Lamming,1982-01-23,41,6195583395,hlammingbr@craigslist.org,M589,V2455664
454,Patrice,Kearton,2000-11-12,22,4322688786,pkeartonbs@tmall.com,M815,Z9762325
455,Olly,Halle,1984-01-23,39,7913146936,ohallebt@eepurl.com,M541,Q4310990
456,Milly,Pren,2003-10-09,19,1729019163,mprenbu@usnews.com,M89,A8695883
457,Vanny,Slayton,1982-07-27,40,4515718109,vslaytonbv@princeton.edu,M542,V2879843
458,Inga,Ganing,2006-08-02,16,5623297695,iganingbw@tuttocitta.it,M839,C3077835
459,Filbert,Standage,1999-08-21,23,1219761039,fstandagebx@devhub.com,M459,I3932118
460,Heloise,Vaines,2000-03-07,23,5095387806,hvainesby@princeton.edu,M249,U7424308
461,Rube,Knowlson,1988-05-17,34,4529897610,rknowlsonbz@columbia.edu,M243,O1827331
462,Chadd,Frankcombe,1980-12-27,42,9634490214,cfrankcombec0@123-reg.co.uk,M526,Z4162294
463,Melinde,Boule,1992-04-12,30,3205025025,mboulec1@networkadvertising.org,M524,Z7115008
464,Lilllie,Volker,1984-11-17,38,2073444456,lvolkerc2@va.gov,M798,B5917565
465,Sophie,Pittendreigh,2009-12-03,13,1082076408,spittendreighc3@youtube.com,M215,L8050766
466,Brander,Duplain,2001-04-05,21,2111658970,bduplainc4@typepad.com,M379,J5915330
467,Ryan,Storrs,1989-05-04,33,5261308420,rstorrsc5@squarespace.com,M385,M7282785
468,Ransom,Brodbin,1991-08-23,31,6916415626,rbrodbinc6@macromedia.com,M357,Y4434337
469,Jarvis,Tomney,2007-11-20,15,7041332716,jtomneyc7@aol.com,M725,J7504332
470,Sile,Robertson,2001-04-30,21,7978925894,srobertsonc8@homestead.com,M823,W6507241
471,Lindsay,Morfett,2002-03-24,21,9837915282,lmorfettc9@1und1.de,M774,A3224515
472,Bartolomeo,Tellenbrook,1986-04-13,36,3868254664,btellenbrookca@dyndns.org,M316,Q4435966
473,Marie,Heathwood,1981-04-10,41,1948515830,mheathwoodcb@1und1.de,M905,F3085157
474,Pepe,Tuckerman,1983-12-30,39,5844117672,ptuckermancc@pcworld.com,M287,B9311236
475,Abby,Brookesbie,1990-07-22,32,5449474517,abrookesbiecd@odnoklassniki.ru,M940,I5503543
476,Rayner,Vella,2001-01-31,22,1929830328,rvellace@exblog.jp,M313,Z1529641
477,Selby,Spoure,1989-04-23,33,2749617234,sspourecf@sphinn.com,M173,E8594474
478,Theresita,Boness,1989-09-13,33,1599923891,tbonesscg@msn.com,M295,S6044253
479,Andrei,Shillan,2010-09-04,12,3729380526,ashillanch@thetimes.co.uk,M502,U6193023
480,Yancy,Turville,1984-09-03,38,4299898131,yturvilleci@homestead.com,M690,T3958593
481,Carmel,Maddigan,1988-07-18,34,2734201635,cmaddigancj@alexa.com,M699,I5357277
482,Amery,Screen,1995-09-19,27,9028326274,ascreenck@reuters.com,M552,S6059958
483,Aimee,Matous,1987-12-10,35,7846823951,amatouscl@ihg.com,M412,G8279368
484,Christean,Djokic,2003-11-18,19,9125573010,cdjokiccm@slideshare.net,M490,F6989672
485,Zena,Bourtoumieux,1990-03-08,33,4185379572,zbourtoumieuxcn@liveinternet.ru,M908,P9080893
486,Kalina,Croucher,1985-09-18,37,7355970483,kcroucherco@taobao.com,M261,P2471128
487,Eduardo,Gregan,1988-07-14,34,3474614370,egregancp@sciencedirect.com,M977,Z3909562
488,Maxwell,Dairton,1986-08-02,36,3428494724,mdairtoncq@spotify.com,M593,I4860881
489,Laurene,Cutchey,1990-03-23,33,7695646158,lcutcheycr@printfriendly.com,M168,R9320117
490,Stephi,Rothwell,1997-10-31,25,7972249380,srothwellcs@lycos.com,M950,U1069832
491,Ronni,Rossin,2005-04-22,17,5495248451,rrossinct@prnewswire.com,M274,Q8020550
492,Rowland,Gillbee,1985-02-26,38,7328669955,rgillbeecu@sogou.com,M419,S2003754
493,Chalmers,Aldersley,1989-10-11,33,7843626997,caldersleycv@dyndns.org,M998,S7849884
494,Melodie,Chaldecott,1999-07-21,23,8379622429,mchaldecottcw@cisco.com,M954,D6532942
495,Wallis,Cure,2002-09-19,20,1252335447,wcurecx@mac.com,M269,D4251534
496,Rita,Achrameev,1991-02-07,32,4397440509,rachrameevcy@ibm.com,M896,X1587769
497,Vassili,Eixenberger,2006-07-28,16,3402408369,veixenbergercz@webs.com,M661,T8164417
498,Elise,Chattelaine,1983-08-10,39,9724090505,echattelained0@bluehost.com,M272,I6219718
499,Heloise,Youngs,1999-04-21,23,2651407048,hyoungsd1@xing.com,M643,M8638557
500,Genevra,Filan,2009-10-14,13,2308016542,gfiland2@mozilla.org,M443,G4219760
501,Ly,Ells,2005-12-14,17,1061827340,lellsd3@yandex.ru,M716,K4564555
502,Kaycee,Kille,2000-10-08,22,9893910261,kkilled4@yelp.com,M628,D7421166
503,Amie,Beric,1981-04-25,41,6087104156,abericd5@parallels.com,M867,S8536324
504,Leigh,Jewkes,1993-01-26,30,5986374582,ljewkesd6@psu.edu,M801,P1904844
505,Pembroke,Pablo,1984-12-02,38,9135383788,ppablod7@seesaa.net,M984,W5996206
506,Torre,Kretschmer,1990-09-21,32,8117484516,tkretschmerd8@vkontakte.ru,M772,P8514204
507,Philis,Geach,1999-09-28,23,9509559440,pgeachd9@auda.org.au,M880,F5228286
508,Shanie,Dasent,2007-01-11,16,2151186252,sdasentda@typepad.com,M803,X4053988
509,Tye,Winders,2002-03-08,21,8464011334,twindersdb@chron.com,M873,D1678174
510,Wilbert,Pennino,2010-10-10,12,7842179643,wpenninodc@google.es,M538,T3888961
511,Abel,Landrean,2004-06-11,18,7136352119,alandreandd@nifty.com,M73,X9941195
512,Ali,Menault,1982-11-28,40,6703689746,amenaultde@cam.ac.uk,M336,W7510778
513,Minnaminnie,Andrejevic,2000-11-14,22,3376226507,mandrejevicdf@goo.ne.jp,M682,O1081635
514,Audrye,Joblin,2000-01-12,23,8511965754,ajoblindg@wiley.com,M333,H4037446
515,Modesta,Pestell,2001-11-28,21,4684830216,mpestelldh@arstechnica.com,M790,C9185914
516,Jodee,Beven,2002-04-29,20,1529207290,jbevendi@godaddy.com,M929,C7494097
517,Sax,Hayton,1992-09-05,30,5733270089,shaytondj@comcast.net,M566,O5695631
518,Serene,Covotti,1982-04-09,40,4637055217,scovottidk@abc.net.au,M972,Z9875654
519,Anallese,Geering,2010-09-14,12,6826892601,ageeringdl@addtoany.com,M561,D1821291
520,Else,Pattisson,1987-08-17,35,4168459208,epattissondm@goodreads.com,M266,H1929771
521,Lissy,Wimbury,1984-05-19,38,9389951477,lwimburydn@businesswire.com,M237,R1924336
522,Kilian,Durham,1992-11-10,30,4116486455,kdurhamdo@baidu.com,M498,A9039349
523,Hunt,Andrysiak,1989-03-03,34,6462959591,handrysiakdp@gov.uk,M462,A1108982
524,Jeanette,Petrulis,2010-04-19,12,6929327221,jpetrulisdq@reddit.com,M138,N2393912
525,Jeannette,McAlroy,1987-08-15,35,9739319649,jmcalroydr@ycombinator.com,M807,A8080630
526,Merle,Collihole,2000-11-05,22,2714442156,mcolliholeds@weebly.com,M152,I3828091
527,Luke,Seden,1988-06-04,34,3339951991,lsedendt@jimdo.com,M244,N1176376
528,Charlie,Schuelcke,2006-10-26,16,4905829223,cschuelckedu@smugmug.com,M706,O5384779
529,Paxton,Buggy,1992-05-03,30,1276444271,pbuggydv@issuu.com,M551,W7687714
530,Tobiah,Lerner,2006-06-10,16,4323382012,tlernerdw@admin.ch,M413,B1500949
531,Dwight,Lipson,1988-10-27,34,2801236878,dlipsondx@last.fm,M806,U1934515
532,Tann,Faunch,1980-09-10,42,1797820613,tfaunchdy@squarespace.com,M493,J2711776
533,Spence,Ryland,1993-02-19,30,6178701270,srylanddz@opensource.org,M764,A5817365
534,Cristian,Grahlmans,2008-11-29,14,5997825796,cgrahlmanse0@tinypic.com,M619,K5126817
535,Huntington,Wederell,1986-09-30,36,7077839787,hwederelle1@4shared.com,M811,O7426058
536,Wadsworth,Ricciardello,1982-10-13,40,2218382830,wricciardelloe2@dyndns.org,M209,T8911453
537,Pat,Buxton,1988-01-16,35,2352702687,pbuxtone3@dion.ne.jp,M370,S2736235
538,Kendall,Tesmond,2000-06-27,22,9047305080,ktesmonde4@disqus.com,M95,O7754203
539,Alexine,Vowells,1984-02-01,39,2496575049,avowellse5@columbia.edu,M833,Y3485890
540,Anne-marie,Oakes,2009-04-10,13,4488556498,aoakese6@theglobeandmail.com,M228,T4339612
541,Konstance,Twitchings,1988-10-19,34,7831262908,ktwitchingse7@ehow.com,M837,B6105994
542,Katya,Downer,1988-01-27,35,8057359102,kdownere8@ycombinator.com,M664,X1244909
543,Aimil,Spellsworth,1993-11-15,29,4174628613,aspellsworthe9@telegraph.co.uk,M34,Q3539053
544,Rhodie,Sorton,2006-02-11,17,2293877440,rsortonea@weather.com,M640,O3964164
545,Clarence,Constantinou,1983-12-25,39,8369233139,cconstantinoueb@prweb.com,M520,R3359953
546,Urbain,Tommei,1981-05-28,41,9188053000,utommeiec@timesonline.co.uk,M784,B6295701
547,Vilhelmina,Bernon,1985-10-28,37,1901991452,vbernoned@nsw.gov.au,M985,V6809540
548,Glynda,Coop,2008-08-16,14,2311934987,gcoopee@yahoo.co.jp,M429,S3634109
549,Ricky,Gallardo,1992-06-08,30,1062428341,rgallardoef@yahoo.co.jp,M126,X2543932
550,Lauraine,Gossan,2009-11-14,13,9851004135,lgossaneg@edublogs.org,M342,T3972445
551,Ancell,Beamson,1988-01-15,35,3478804224,abeamsoneh@cloudflare.com,M585,H4856825
552,Norean,Whight,1989-12-30,33,3692486749,nwhightei@topsy.com,M476,B9128934
553,Mill,Molian,1981-06-09,41,8211058516,mmolianej@ask.com,M726,Z4889140
554,Suzette,Sofe,1987-11-09,35,9042630965,ssofeek@irs.gov,M179,Y2149906
555,Torin,Coonihan,2005-04-30,17,1476877741,tcoonihanel@eepurl.com,M240,K9699103
556,Ebba,Kirkup,1997-10-11,25,6786668497,ekirkupem@mozilla.org,M314,Z3733630
557,Sybille,Naseby,1984-03-17,39,5895288570,snasebyen@angelfire.com,M428,V2606754
558,Jacqui,Sancto,1991-01-02,32,2339314938,jsanctoeo@tinyurl.com,M36,I2761210
559,Mariana,Dmitrichenko,2006-03-04,17,9137393923,mdmitrichenkoep@cargocollective.com,M843,F6529408
560,Elayne,Leere,2008-11-06,14,8756320612,eleereeq@gizmodo.com,M568,V7294481
561,Kariotta,Scading,2006-01-11,17,1968536954,kscadinger@blogtalkradio.com,M906,P7536757
562,Emmy,Satterlee,1982-08-11,40,2132141175,esatterleees@w3.org,M787,R4996979
563,Maryann,Cockayne,1999-01-23,24,7131684307,mcockayneet@washingtonpost.com,M477,C6651173
564,Heidi,Crewdson,1986-05-31,36,3328018019,hcrewdsoneu@latimes.com,M540,W7190449
565,Shepard,Nono,1984-01-25,39,6124709533,snonoev@istockphoto.com,M515,I6359589
566,Vinnie,Wrixon,1983-04-03,39,5326546158,vwrixonew@dot.gov,M368,T7533939
567,Bridgette,Hebblewhite,1986-03-24,37,3734438931,bhebblewhiteex@mysql.com,M858,G6523432
568,Rickie,Sweetsur,2005-07-27,17,9478965394,rsweetsurey@prlog.org,M622,C1155939
569,Cynthy,Saywood,1989-12-05,33,2133735612,csaywoodez@diigo.com,M715,J5934888
570,Berky,Souster,1985-11-22,37,2827758195,bsousterf0@archive.org,M118,N9314711
571,Deni,Markel,1994-11-23,28,4552349087,dmarkelf1@un.org,M221,G9259117
572,Oswell,Saich,2007-09-21,15,7086420318,osaichf2@smh.com.au,M497,N6345862
573,Sarah,Thorald,1987-02-03,36,2847998788,sthoraldf3@discovery.com,M375,S6405511
574,Tedman,Gladeche,1989-09-19,33,9799915038,tgladechef4@reddit.com,M344,W4255890
575,Nance,Shinn,2006-10-19,16,2303029455,nshinnf5@usda.gov,M113,Q6307767
576,Gabie,Sinden,2001-06-05,21,4541257580,gsindenf6@qq.com,M827,D2352323
577,Lelia,Thomassin,1985-08-14,37,4322470387,lthomassinf7@microsoft.com,M921,H5542845
578,Jillana,Lucey,2007-09-25,15,2317709668,jluceyf8@oakley.com,M609,Z4883174
579,Pen,Pavlishchev,2005-12-27,17,5041271509,ppavlishchevf9@springer.com,M195,W8162447
580,Katee,Bridewell,1983-10-02,39,9981872202,kbridewellfa@fema.gov,M441,P7720348
581,Marianne,Stanfield,2004-06-29,18,3281445985,mstanfieldfb@trellian.com,M989,K8710622
582,Shelli,Buckeridge,1987-02-01,36,8351674946,sbuckeridgefc@blog.com,M223,M1146707
583,Ciro,Cosins,1981-02-17,42,3871099828,ccosinsfd@hud.gov,M578,T5202617
584,Klara,Lowne,1989-11-26,33,1615003196,klownefe@ebay.com,M304,O1784228
585,Harrie,Calbert,1982-06-13,40,9341631961,hcalbertff@dot.gov,M176,E9480178
586,Geoffrey,Harm,1989-06-08,33,8401084681,gharmfg@infoseek.co.jp,M660,B5033675
587,Ogden,Readett,1996-10-29,26,3073433431,oreadettfh@liveinternet.ru,M317,Q5209971
588,Dorolisa,Pena,1982-05-10,40,9968633918,dpenafi@icq.com,M864,G9937859
589,Mychal,Glavias,1989-12-01,33,9107199570,mglaviasfj@sciencedaily.com,M76,Y4647065
590,Randal,Stroud,2004-12-15,18,6008816989,rstroudfk@t-online.de,M574,Z4091136
591,Page,McNevin,2008-06-25,14,1622363946,pmcnevinfl@addtoany.com,M92,F5904388
592,Ximenez,Skyme,2008-12-03,14,9575522616,xskymefm@sourceforge.net,M626,N6852997
593,Tiffi,De Nisco,1989-10-25,33,3012300462,tdeniscofn@godaddy.com,M623,Q6720899
594,Rudie,Reder,2000-10-17,22,9815928549,rrederfo@hibu.com,M915,J3864631
595,Hortense,Fullbrook,1995-08-07,27,9295897658,hfullbrookfp@vkontakte.ru,M512,A8611065
596,Martica,Whistlecraft,1986-07-07,36,5887003193,mwhistlecraftfq@walmart.com,M936,C2338781
597,Elysee,Cade,2010-10-23,12,9262085836,ecadefr@sciencedaily.com,M229,R7546507
598,Tammie,Menendes,2007-05-18,15,2622755996,tmenendesfs@narod.ru,M137,H2150977
599,Hurley,Calvey,2009-01-26,14,4497907612,hcalveyft@angelfire.com,M300,Z5080600
600,Livvyy,Volkes,2009-01-01,14,8048327298,lvolkesfu@virginia.edu,M869,C5596232
601,Cesaro,Bertrand,2002-12-28,20,9652736458,cbertrandfv@amazonaws.com,M962,Z4557640
602,Huntington,Catherine,2002-04-19,20,8936762565,hcatherinefw@sogou.com,M788,Q1052491
603,Curcio,Cutress,1983-09-09,39,6665469416,ccutressfx@furl.net,M388,P4064672
604,Aube,Bettridge,1997-03-06,26,4699064258,abettridgefy@usgs.gov,M360,E3712836
605,Hayden,Storck,1986-11-11,36,6255473967,hstorckfz@businesswire.com,M414,D7607508
606,Golda,Penning,1985-11-25,37,4511892505,gpenningg0@usda.gov,M205,J7711709
607,Michelle,Compfort,1989-04-12,33,4265027956,mcompfortg1@dailymotion.com,M299,H9970239
608,Nert,Dowdell,1995-02-15,28,6181254672,ndowdellg2@marketwatch.com,M534,I7114965
609,Cesaro,Dinsey,1987-09-27,35,7668014028,cdinseyg3@narod.ru,M208,P6486579
610,John,Habden,1988-05-19,34,7098378102,jhabdeng4@free.fr,M181,Z8757561
611,Ferrel,Pate,2009-11-13,13,2259346892,fpateg5@fc2.com,M708,S7700508
612,Nettle,Roscamp,1992-01-26,31,8378080780,nroscampg6@com.com,M54,I8165438
613,Mic,Lineham,1987-03-28,36,5576238377,mlinehamg7@networkadvertising.org,M974,E5160831
614,Katerine,Sodeau,1980-03-15,43,4133802225,ksodeaug8@narod.ru,M216,U6359704
615,Madalyn,Le Gassick,2007-05-23,15,9773135788,mlegassickg9@rediff.com,M49,K4577503
616,Dunc,Godbehere,1987-08-01,35,9265460448,dgodbeherega@blinklist.com,M631,V7462581
617,Dolf,Roderham,2000-10-13,22,3747332979,droderhamgb@pbs.org,M776,A5669571
618,Eran,Reilinger,1995-07-21,27,7306589993,ereilingergc@archive.org,M884,K9352188
619,Adair,Mulligan,2003-07-20,19,9384427352,amulligangd@disqus.com,M836,I7756699
620,Dylan,Burfield,1980-11-16,42,7197479182,dburfieldge@reference.com,M157,F5951158
621,Brandon,Toolin,1982-08-26,40,3497612410,btoolingf@google.fr,M63,N5741621
622,Ellary,Cutting,2005-06-11,17,3984150994,ecuttinggg@eepurl.com,M435,Z8699881
623,Roselia,Winscum,1994-11-28,28,5048520035,rwinscumgh@google.com.br,M64,V4020671
624,Analiese,MattiCCI,2004-05-12,18,1441371113,amatticcigi@dyndns.org,M341,U8404774
625,Herby,Caskie,1996-02-28,27,1241023426,hcaskiegj@smh.com.au,M959,W4001413
626,Tremaine,Penton,1980-07-13,42,5837840469,tpentongk@webnode.com,M264,Q2493843
627,Mickie,Ramsdale,1993-10-27,29,2193239960,mramsdalegl@constantcontact.com,M361,S1828747
628,Lynett,Bernardes,1980-10-27,42,5305528024,lbernardesgm@cbslocal.com,M241,G9711785
629,Anna-diane,De Freyne,1994-12-29,28,5591551478,adefreynegn@imageshack.us,M901,T6792537
630,Shayne,Lorenzetti,2002-12-03,20,7012641030,slorenzettigo@psu.edu,M739,V2033156
631,Cindie,Burnhams,2006-06-04,16,1853207569,cburnhamsgp@list-manage.com,M348,I2413087
632,Gabriell,Flintiff,1984-03-06,39,1252519843,gflintiffgq@edublogs.org,M297,C2990539
633,Harlen,Ollenbuttel,1986-05-25,36,3577818428,hollenbuttelgr@un.org,M500,A2656060
634,Tedie,Wattam,1990-11-14,32,3639211018,twattamgs@army.mil,M527,A3209443
635,Timmi,Perkin,2007-07-07,15,8717000089,tperkingt@europa.eu,M383,P8440406
636,Betteann,O'Hickee,1990-04-10,32,6111664054,bohickeegu@wikia.com,M650,S7902202
637,Rhianna,Deary,1989-11-24,33,7606094328,rdearygv@nasa.gov,M87,K6488462
638,Parnell,Ferran,1987-09-18,35,6062268643,pferrangw@virginia.edu,M924,W9520454
639,Baily,Masser,1988-04-26,34,8029159047,bmassergx@tripod.com,M252,G4951829
640,Beatriz,Kingwell,1992-01-23,31,4711027713,bkingwellgy@123-reg.co.uk,M134,I7406743
641,Claudius,Penman,1991-09-21,31,2301720974,cpenmangz@oaic.gov.au,M539,Z8278779
642,Horton,Cody,1987-07-20,35,1316628297,hcodyh0@google.de,M615,V2291976
643,Claudius,Bothe,1980-05-28,42,1284744385,cbotheh1@blogger.com,M672,R1315459
644,Happy,O' Faherty,2009-06-30,13,8427135765,hofahertyh2@tripod.com,M667,Z4429284
645,Tanhya,Derbyshire,1989-11-17,33,4541948236,tderbyshireh3@friendfeed.com,M521,K3171435
646,Obie,Allardyce,1982-09-09,40,7788242751,oallardyceh4@mit.edu,M189,B4422708
647,Pip,Thorouggood,1993-04-01,30,8068932985,pthorouggoodh5@gmpg.org,M214,C2258795
648,Steffen,Bwye,1984-08-09,38,3953757281,sbwyeh6@zdnet.com,M98,A4111619
649,Clo,Points,2008-08-17,14,3366618628,cpointsh7@ovh.net,M288,G1614569
650,Fredia,Bawles,1987-03-13,36,2853485647,fbawlesh8@disqus.com,M871,K9707244
651,Raynell,Reboul,2010-01-13,13,1013830069,rreboulh9@prlog.org,M771,T1297465
652,Silvan,Rollitt,2009-07-15,13,2857770993,srollittha@pcworld.com,M60,K3367852
653,Maddi,Guidetti,2008-02-03,15,7146243656,mguidettihb@yale.edu,,K8497755
654,Elia,Gravatt,1980-02-11,43,6044737503,egravatthc@constantcontact.com,,S5956237
655,Veronique,Stede,1994-06-14,28,2006698671,vstedehd@google.it,,K8502721
656,Lenci,Wragge,2000-02-04,23,1533043518,lwraggehe@constantcontact.com,,X3586539
657,Sal,Faireclough,1982-12-06,40,1632252585,sfairecloughhf@istockphoto.com,,I8432511
658,Ezechiel,Bolitho,1985-06-03,37,6873745737,ebolithohg@huffingtonpost.com,,N2776743
659,Gherardo,Yushachkov,2009-08-18,13,7558846337,gyushachkovhh@wikipedia.org,,N8029254
660,Caro,Vayne,2001-08-08,21,8751651175,cvaynehi@foxnews.com,,N4621143
661,Daryn,Kitchenman,1994-01-14,29,3195662510,dkitchenmanhj@hc360.com,,P3885445
662,Romy,Kneebone,2010-08-19,12,7976082397,rkneebonehk@guardian.co.uk,,H9675287
663,Erik,Grigorescu,1997-11-15,25,5893344633,egrigorescuhl@bravesites.com,,G8608609
664,Mirilla,Dixsee,1982-03-21,41,7257928725,mdixseehm@feedburner.com,,P7910113
665,Rabbi,Broddle,1984-05-08,38,7306345610,rbroddlehn@unc.edu,,O5793311
666,Hymie,Bartosiak,1982-07-20,40,5229225336,hbartosiakho@gov.uk,,Y3768343
667,Kylen,Futcher,1987-07-20,35,4606920053,kfutcherhp@engadget.com,,H8258886
668,Goldi,Merriment,1987-04-11,35,3135753911,gmerrimenthq@umich.edu,,H5575761
669,Emlynn,Purtell,1989-03-31,34,3904169736,epurtellhr@chicagotribune.com,,O6340431
670,Carney,Gopsell,2001-06-28,21,8324409836,cgopsellhs@biglobe.ne.jp,,H3288104
671,Dav,Popelay,2008-03-14,15,4051327474,dpopelayht@artisteer.com,,I5030961
672,Sari,Weiser,1996-10-22,26,1652386329,sweiserhu@weebly.com,,V4524782
673,Siobhan,McElhargy,1995-09-13,27,2136380754,smcelhargyhv@tumblr.com,,U4251579
674,Arvie,Beche,2001-09-06,21,9721273874,abechehw@china.com.cn,,R3147597
675,Zachariah,Dilrew,1981-12-28,41,5558467892,zdilrewhx@merriam-webster.com,,A1857837
676,Tobe,Napleton,2005-08-19,17,5926670076,tnapletonhy@ask.com,,L7582346
677,George,Leppo,1994-09-07,28,6939473739,gleppohz@mysql.com,,I5058635
678,Ransell,Tellenbrok,1994-09-30,28,2186571172,rtellenbroki0@flavors.me,,F9779385
679,Othella,Gosney,1993-08-07,29,4806586998,ogosneyi1@tmall.com,,O7036668
680,Padraic,Tabor,1989-02-21,34,4228035831,ptabori2@lycos.com,,T4455669
681,Heather,Stansall,1993-09-24,29,3387220537,hstansalli3@youtube.com,,K5515141
682,Zara,Daugherty,2006-05-09,16,7923580089,zdaughertyi4@freewebs.com,,C8092994
683,Sigvard,Elnaugh,2009-04-30,13,6749104866,selnaughi5@xing.com,,Z2171889
684,Andrej,Abarough,2004-02-15,19,6277730730,aabaroughi6@edublogs.org,,H2413797
685,Dorene,Giovannazzi,1987-07-07,35,9001520617,dgiovannazzii7@e-recht24.de,,C9282030
686,Weylin,Haliday,2008-08-05,14,2127132931,whalidayi8@yellowpages.com,,C5283723
687,Anny,Kunisch,1981-06-07,41,5772371704,akunischi9@zdnet.com,,F1425062
688,Shelba,Duke,1990-01-27,33,1604297545,sdukeia@aboutads.info,,A2153530
689,Renell,Niland,1994-11-18,28,3907965973,rnilandib@apache.org,,C8481477
690,Jennee,Collabine,1994-09-11,28,9489999510,jcollabineic@paginegialle.it,,W3337636
691,Roma,Officer,2008-12-28,14,6061247864,rofficerid@about.me,,I7548608
692,Kristoffer,Athersmith,2006-05-21,16,9838234724,kathersmithie@time.com,,J8684030
693,Letitia,Mattosoff,1990-07-04,32,5181397158,lmattosoffif@nba.com,,L6477643
694,Karlene,Gittis,1991-11-16,31,4624532086,kgittisig@360.cn,,B3899433
695,Patricio,Cahillane,1990-03-07,33,3286099766,pcahillaneih@google.ru,,G9072804
696,Mitchell,Ferencowicz,1989-01-28,34,6488524472,mferencowiczii@creativecommons.org,,G6773734
697,Antony,Whapple,1984-06-03,38,3255364117,awhappleij@howstuffworks.com,,J2703766
698,Mercedes,Ilyasov,2003-04-22,19,6359334850,milyasovik@tumblr.com,,B9734546
699,Reynold,Dumphrey,1999-12-29,23,2995451357,rdumphreyil@opera.com,,L8378203
700,Lindsy,Warn,1985-08-11,37,6644086974,lwarnim@cdc.gov,,C8917681
701,Nikki,Walewicz,2004-01-01,19,5265872851,nwalewiczin@loc.gov,,R5593398
702,Glennie,Moat,1995-12-27,27,4097221205,gmoatio@themeforest.net,,W7559294
703,Halimeda,Beauchamp,2001-01-29,22,9268783375,hbeauchampip@newsvine.com,,Z7610051
704,Cullan,Brosoli,2002-12-01,20,6256779923,cbrosoliiq@ucoz.ru,,M5800634
705,Cynthia,Oxenbury,2008-07-02,14,9531188908,coxenburyir@google.it,,U6171428
706,Murvyn,Takkos,2003-08-16,19,1298256114,mtakkosis@squidoo.com,,U6879836
707,Saxe,Jevon,2008-11-28,14,3245181132,sjevonit@free.fr,,Q1831123
708,Arnold,Denington,1985-05-25,37,5524307398,adeningtoniu@networkadvertising.org,,X7229677
709,Stephen,Heinig,1981-07-29,41,4479947926,sheinigiv@mapy.cz,,M1077394
710,Ricky,Ackwood,1982-04-13,40,9623333155,rackwoodiw@usnews.com,,N5058062
711,Katti,Skuce,1993-12-12,29,7407147485,kskuceix@hugedomains.com,,D6419459
712,Eirena,Widocks,2000-02-14,23,2418065320,ewidocksiy@google.ca,,Y9317466
713,Anson,Ailmer,1988-08-17,34,3136344520,aailmeriz@free.fr,,H6122173
714,Burg,Mannering,1985-09-17,37,7619624480,bmanneringj0@jigsy.com,,E6422829
715,Prentice,Coldtart,1999-04-11,23,3274339817,pcoldtartj1@senate.gov,,D9904520
716,Arlinda,Surguine,1984-08-25,38,6812929229,asurguinej2@yandex.ru,,J6066969
717,Amberly,Ondrak,1991-11-14,31,8802932140,aondrakj3@mlb.com,,L9298511
718,Kinsley,Durrell,2005-07-28,17,1367134706,kdurrellj4@tinypic.com,,D1384358
719,Jackqueline,Yosifov,2008-03-08,15,1913846325,jyosifovj5@who.int,,X6738011
720,Lelia,de Guerre,2000-02-24,23,6114928151,ldeguerrej6@jimdo.com,,U3483816
721,Renell,Damp,1999-08-31,23,1336212882,rdampj7@lulu.com,,T6891516
722,Christie,Easterbrook,2007-06-16,15,1549163900,ceasterbrookj8@1und1.de,,A6996253
723,Briano,Ivamy,2007-01-18,16,9657249207,bivamyj9@phoca.cz,,V1592979
724,Ogden,Huban,1993-07-16,29,5742888217,ohubanja@cnet.com,,D9988590
725,Martynne,Almack,1981-12-02,41,4602885660,malmackjb@odnoklassniki.ru,,A4386461
726,Arlena,Tucknott,2006-07-29,16,9602770860,atucknottjc@domainmarket.com,,E7347702
727,Kittie,Clausson,1986-08-10,36,3559512543,kclaussonjd@macromedia.com,,X6560984
728,Delia,Dikels,1989-01-13,34,7832818695,ddikelsje@fema.gov,,U1377621
729,Marcelia,Ioan,1995-09-27,27,9464345728,mioanjf@lulu.com,,D7639268
730,Martelle,Shurville,1997-06-28,25,1513177929,mshurvillejg@printfriendly.com,,I7945754
731,Celka,Cocci,1989-10-15,33,8046585722,ccoccijh@storify.com,,A7177694
732,Hyacinthie,Dahlberg,1994-06-16,28,7602779075,hdahlbergji@naver.com,,S5768977
733,Brigit,Dubois,1985-01-07,38,8589808902,bduboisjj@oaic.gov.au,,C2986508
734,Conny,Rooney,1985-10-17,37,2232242687,crooneyjk@a8.net,,Z1080466
735,Giraud,Rickword,2007-02-02,16,5213615747,grickwordjl@mozilla.com,,R4354886
736,Gretchen,Farnin,1988-11-28,34,1507904599,gfarninjm@angelfire.com,,K6932657
737,Rurik,Rosenblum,2000-08-25,22,1752931959,rrosenblumjn@state.tx.us,,S6532899
738,Tamarah,Gringley,1982-04-01,41,5443522050,tgringleyjo@delicious.com,,I5411480
739,Bathsheba,Gyford,1990-04-09,32,1906898378,bgyfordjp@photobucket.com,,X8354340
740,Stevy,Clitsome,1982-03-18,41,3083157956,sclitsomejq@aboutads.info,,W2560284
741,Payton,Tweedie,1992-12-09,30,6333979922,ptweediejr@homestead.com,,X6956698
742,Giulia,Rottger,2008-05-10,14,9412574795,grottgerjs@prweb.com,,P6325451
743,Clerissa,Moulson,2008-05-14,14,3729721724,cmoulsonjt@soundcloud.com,,P6756829
744,Mignonne,Dabs,2008-05-10,14,6732822489,mdabsju@oaic.gov.au,,F3611991
745,Birch,Simson,1985-09-29,37,6456945991,bsimsonjv@edublogs.org,,S9515660
746,Anthia,MacFadyen,1993-09-08,29,7711839376,amacfadyenjw@hubpages.com,,A1760513
747,Bank,Cosley,2002-09-19,20,5282992433,bcosleyjx@msu.edu,,P4258603
748,Kathryne,Guttridge,1998-11-26,24,3751275015,kguttridgejy@t.co,,Q2587071
749,Ivar,Hattigan,1996-12-01,26,3541015160,ihattiganjz@apple.com,,C4181788
750,Peadar,MacAndreis,1995-09-05,27,2386130086,pmacandreisk0@ning.com,,B2189240
751,Vita,Schubuser,2002-02-25,21,3858900061,vschubuserk1@icq.com,,M6903935
752,Lulita,Stealfox,1996-11-12,26,1901137782,lstealfoxk2@netvibes.com,,Q2845461
753,Shayne,Bispham,1980-05-17,42,7315117732,sbisphamk3@multiply.com,,L5052417
754,Sofia,Musker,1984-01-07,39,5885569507,smuskerk4@soup.io,,T3866442
755,Emlyn,Wartnaby,1992-10-04,30,4228170043,ewartnabyk5@last.fm,,P2050749
756,Dorian,Mableson,1996-02-28,27,7376334711,dmablesonk6@arstechnica.com,,N6628925
757,Kathrine,Rosenqvist,1982-10-23,40,6815663383,krosenqvistk7@redcross.org,,T5853525
758,Filberto,Milbank,1987-04-15,35,8883946703,fmilbankk8@reddit.com,,E5767154
759,Shelbi,Hawtin,1981-11-27,41,8101015922,shawtink9@cisco.com,,N1688823
760,Glenna,Imlin,1980-03-23,43,9019174156,gimlinka@list-manage.com,,J4250542
761,Chuck,Volke,2004-10-21,18,8977879111,cvolkekb@bing.com,,G1688448
762,Timmy,Osborn,2006-06-03,16,4675917213,tosbornkc@addtoany.com,,K7489116
763,Horten,Durrance,2004-02-16,19,8112250613,hdurrancekd@yelp.com,,N7855409
764,Judon,Feldbaum,1990-10-10,32,7205481274,jfeldbaumke@scientificamerican.com,,E8689288
765,Cynthia,Goudge,2001-03-14,22,5662030480,cgoudgekf@wikispaces.com,,Y3043902
766,Brockie,Towsie,1999-12-02,23,5328210004,btowsiekg@businessweek.com,,J2997519
767,Arnold,MacIlurick,1985-01-19,38,4043045150,amacilurickkh@hexun.com,,J9131793
768,Martino,Woodhams,1980-11-16,42,8298295500,mwoodhamski@histats.com,,E8416165
769,Marketa,Maffioni,2002-11-13,20,6635813124,mmaffionikj@amazon.de,,M2057869
770,Carmita,Billany,1994-10-30,28,1418564521,cbillanykk@last.fm,,Y3429312
771,Janith,Di Antonio,1990-01-29,33,8304903648,jdiantoniokl@google.de,,Q6253875
772,Mack,Bjerkan,2003-11-27,19,4393573296,mbjerkankm@sogou.com,,S7356656
773,Olive,Blindermann,1995-12-26,27,4287847617,oblindermannkn@clickbank.net,,R1822243
774,Lizzie,Grassett,2009-01-15,14,7607750647,lgrassettko@bravesites.com,,N4748092
775,Aubert,Priddle,1991-04-16,31,7551536938,apriddlekp@newyorker.com,,Y6214598
776,Drusi,Thornton,1985-01-16,38,6083348103,dthorntonkq@i2i.jp,,P5817836
777,Burg,Gillies,2005-07-15,17,9308674859,bgillieskr@nationalgeographic.com,,H4301479
778,Keri,Kinnerk,2009-06-18,13,1989760789,kkinnerkks@sfgate.com,,Z1837841
779,Emmi,Wasbey,1995-08-15,27,5985269361,ewasbeykt@arstechnica.com,,J4520989
780,Trish,Jesse,2002-10-06,20,3431217121,tjesseku@japanpost.jp,,U7107520
781,Alexandrina,Roizn,1981-10-31,41,4863519261,aroiznkv@tmall.com,,S1344821
782,Fabian,Shetliff,1998-05-03,24,1033562788,fshetliffkw@51.la,,A7556948
783,Christa,Newitt,1999-03-15,24,2264489696,cnewittkx@wired.com,,L7453613
784,Tuesday,Loxly,1990-05-09,32,5765130609,tloxlyky@uol.com.br,,U9856287
785,Peggi,Lethem,1990-06-27,32,3833728358,plethemkz@dagondesign.com,,P6198934
786,Dahlia,Abella,1996-06-14,26,3176492129,dabellal0@opera.com,,N6392416
787,Aubree,Hackney,1995-08-08,27,6243217526,ahackneyl1@goodreads.com,,E3804347
788,Fanchon,Hayford,2006-02-05,17,3591969547,fhayfordl2@dedecms.com,,E4516449
789,Alex,Kensall,1987-05-10,35,8276568114,akensalll3@samsung.com,,M3506100
790,Oswald,Allwell,1981-10-01,41,2215411700,oallwelll4@hibu.com,,R6249656
791,Leontine,Slimmon,2009-11-16,13,3705166637,lslimmonl5@ucsd.edu,,N9761157
792,Hadleigh,Cornely,1995-10-18,27,2486800720,hcornelyl6@foxnews.com,,N8175108
793,Dino,Gamble,1991-12-22,31,3557706803,dgamblel7@jugem.jp,,S1233582
794,Carol,Mackerel,2010-11-25,12,2267769872,cmackerell8@dagondesign.com,,T2247536
795,Tomkin,Backler,1997-08-28,25,7537712655,tbacklerl9@ca.gov,,B6529231
796,Riki,Haimes,1987-02-05,36,9831877135,rhaimesla@dell.com,,F2494574
797,Victor,Croyser,2004-11-03,18,4918184546,vcroyserlb@epa.gov,,L2623517
798,Albrecht,Barnet,1999-11-10,23,9082115523,abarnetlc@hc360.com,,O2573258
799,Darlleen,Pernell,1980-05-15,42,1157625221,dpernellld@jigsy.com,,S3440032
800,Candace,Stickins,2010-05-27,12,7724497640,cstickinsle@irs.gov,,A2342725
801,Veronica,Folkerts,2010-04-30,12,5908410889,vfolkertslf@liveinternet.ru,,O5800040
802,Mariya,Alvis,1980-06-16,42,9891534627,malvislg@chronoengine.com,,F7882050
803,Averyl,Smeath,2005-11-01,17,3085420354,asmeathlh@amazon.co.uk,,F2101609
804,Charmian,Penhall,2001-05-07,21,3668984964,cpenhallli@hp.com,,H4560339
805,Lyn,Swindell,2003-05-02,19,3381059306,lswindelllj@studiopress.com,,V2316280
806,Junia,Waywell,1982-12-27,40,3735174310,jwaywelllk@boston.com,,Q2755560
807,Raddie,Demetr,2009-09-19,13,1801863335,rdemetrll@ehow.com,,F9858683
808,Cass,Dog,1995-04-29,27,7065275793,cdoglm@joomla.org,,D4503540
809,Morty,Roseby,1998-04-30,24,4835945012,mrosebyln@yahoo.com,,L2237559
810,Basile,Wilcott,2008-07-26,14,5098237155,bwilcottlo@1und1.de,,N7852531
811,Kinna,Whiff,1992-10-07,30,4728807649,kwhifflp@barnesandnoble.com,,V9641983
812,Heidie,Roman,1986-07-23,36,8669260308,hromanlq@reverbnation.com,,W9344995
813,Emmett,Girvan,2000-08-21,22,4905812740,egirvanlr@ucoz.com,,I4079707
814,Sibyl,Withrop,1985-11-07,37,2126897003,swithropls@clickbank.net,,A7116375
815,Zacharia,Tuckie,1990-08-08,32,7748892540,ztuckielt@nih.gov,,F8008938
816,Sloan,Prestland,2003-06-06,19,4509889748,sprestlandlu@paypal.com,,V7694643
817,Kimberlee,Latty,2002-01-12,21,1995400739,klattylv@jiathis.com,,R5357074
818,Grazia,Stanislaw,1995-03-30,28,4986127154,gstanislawlw@barnesandnoble.com,,U1049061
819,Alan,Uebel,1986-02-28,37,4225256953,auebellx@booking.com,,K3453989
820,Derick,Chiechio,2004-02-09,19,9946583541,dchiechioly@twitpic.com,,D8624808
821,Arly,Coen,2006-06-15,16,8039942222,acoenlz@nationalgeographic.com,,C1867100
822,Prudy,Kemmons,1985-04-01,38,1138999578,pkemmonsm0@cbslocal.com,,D9652671
823,Lacey,Doggerell,1989-04-16,33,4697467663,ldoggerellm1@npr.org,,U5234332
824,Ginger,Dalziell,2003-01-07,20,1575326062,gdalziellm2@msn.com,,T8988620
825,Luciana,Visick,1987-06-03,35,6036809862,lvisickm3@imageshack.us,,O7998996
826,Neall,Daoust,1995-08-16,27,5813405743,ndaoustm4@dailymail.co.uk,,D9000426
827,Ericha,Rodenhurst,1999-02-05,24,6722463157,erodenhurstm5@independent.co.uk,,Y1222594
828,Alejandrina,Wife,2000-07-27,22,2105132763,awifem6@si.edu,,T6903299
829,Vevay,Marchent,1996-10-08,26,6487200914,vmarchentm7@amazon.com,,Q4581497
830,Salomon,Reinbach,2000-07-06,22,5935995244,sreinbachm8@uiuc.edu,,V8816942
831,Gordan,Ewens,1986-01-22,37,9575424599,gewensm9@networkadvertising.org,,G9168938
832,Felipe,Caines,2010-01-24,13,3558688518,fcainesma@addtoany.com,,G7096350
833,Yolanda,Aldus,2001-04-10,21,4832843357,yaldusmb@yellowpages.com,,H1333836
834,Cassandry,Climance,1999-11-24,23,4771659920,cclimancemc@mashable.com,,Q2520699
835,Allison,Safe,1989-12-07,33,4458625457,asafemd@creativecommons.org,,J7647890
836,Duncan,Clausius,1997-12-25,25,1146529774,dclausiusme@qq.com,,V7631561
837,Charita,Biskup,2010-12-31,12,3777327493,cbiskupmf@uiuc.edu,,W7044340
838,Dannie,McCrainor,1984-01-20,39,5941064552,dmccrainormg@chron.com,,E5655899
839,Sandie,Deville,2009-07-27,13,6279999530,sdevillemh@cnet.com,,F4381094
840,Amata,Vasechkin,1994-06-25,28,9397991185,avasechkinmi@wufoo.com,,L2653576
841,Gaultiero,Bytheway,2006-11-16,16,3114127845,gbythewaymj@amazon.de,,D2480220
842,Dyna,Tomaino,2009-09-04,13,8654268968,dtomainomk@tamu.edu,,O5397263
843,Jammie,Stathor,1981-03-23,42,9139471018,jstathorml@eventbrite.com,,U3334648
844,Bourke,Faas,2003-02-12,20,3925465672,bfaasmm@weather.com,,Y7115647
845,Yorke,Sloat,2004-10-07,18,4834837784,ysloatmn@desdev.cn,,B5184887
846,Tybalt,Dalby,1999-10-25,23,7427607328,tdalbymo@ow.ly,,W7296341
847,Shirlene,D'eye,1984-10-06,38,4519959109,sdeyemp@nydailynews.com,,E2396658
848,Merilee,Pittet,1989-02-23,34,6529030121,mpittetmq@msn.com,,Z2282793
849,Sawyer,Dewfall,1990-09-23,32,7422286569,sdewfallmr@thetimes.co.uk,,H7734756
850,Agnesse,Nend,1985-03-08,38,3684344450,anendms@reuters.com,,X8870787
851,Rayna,O'Hear,1991-09-26,31,9073981282,rohearmt@earthlink.net,,X9457009
852,Jan,Upsale,1981-11-14,41,3216017769,jupsalemu@ucoz.ru,,A7526593
853,Orella,Posselow,1984-05-15,38,9947191286,oposselowmv@mac.com,,O7497823
854,Fons,Simond,2004-05-21,18,5373899527,fsimondmw@reddit.com,,D1140483
855,Taite,Liccardo,2000-03-08,23,1043140194,tliccardomx@latimes.com,,A2939551
856,Vikky,Malsher,1987-12-15,35,5815998331,vmalshermy@jigsy.com,,W5883079
857,Loralie,Sarton,2002-11-23,20,5647873423,lsartonmz@edublogs.org,,V8754910
858,Paul,Jeakins,1987-03-01,36,6726883998,pjeakinsn0@mail.ru,,S5793780
859,Jayne,Eadmead,1980-08-01,42,7802283073,jeadmeadn1@com.com,,I1938735
860,Robbin,Maneylaws,1991-10-29,31,1947491218,rmaneylawsn2@networksolutions.com,,O3785194
861,Doria,Kemwal,1994-03-09,29,5914015027,dkemwaln3@myspace.com,,M4218382
862,Hildy,Grube,1992-04-27,30,3718889415,hgruben4@posterous.com,,J1993009
863,Bondon,Dibdin,2000-08-26,22,2215517362,bdibdinn5@scientificamerican.com,,D2247373
864,Son,Bowell,2008-10-30,14,7302861989,sbowelln6@google.cn,,N4700355
865,Amber,Hightown,1992-10-10,30,1336039075,ahightownn7@answers.com,,C4336487
866,Phillipp,Forri,1983-09-26,39,8952444415,pforrin8@europa.eu,,S6439158
867,Bryana,Mash,2001-10-01,21,9135680988,bmashn9@tmall.com,,P4447483
868,Mikaela,Pengelley,1983-09-20,39,6886302649,mpengelleyna@dyndns.org,,Q2132039
869,Raddy,Jozefowicz,1981-05-20,41,6176590807,rjozefowicznb@so-net.ne.jp,,T9857239
870,Thain,Prangnell,1985-10-14,37,9653357345,tprangnellnc@uol.com.br,,O2960204
871,Conan,Gillmore,2001-12-21,21,1592810097,cgillmorend@cloudflare.com,,L3715982
872,Berk,Felten,1982-11-11,40,6172508161,bfeltenne@xinhuanet.com,,Y5394483
873,Gilles,Reyburn,1997-10-29,25,8441196720,greyburnnf@fema.gov,,U9980567
874,Selby,McKeller,1989-08-20,33,5326329148,smckellerng@amazon.com,,C9765857
875,Charlton,Pellew,1990-02-17,33,3445293617,cpellewnh@yahoo.com,,Y7543479
876,Pierson,Theze,1985-03-11,38,7746322284,pthezeni@nasa.gov,,X5824631
877,Alfi,Millard,1986-08-13,36,2454642304,amillardnj@narod.ru,,Z4007518
878,Lonna,Gooley,1993-10-20,29,4249709639,lgooleynk@macromedia.com,,N1999614
879,Georgeta,Elphinstone,1983-02-27,40,1913608262,gelphinstonenl@networkadvertising.org,,R6653990
880,Kit,Wiersma,1987-06-10,35,2293920092,kwiersmanm@cdbaby.com,,R8551094
881,Gonzalo,Bateson,1980-10-16,42,1435169176,gbatesonnn@yolasite.com,,C9279076
882,Nathan,Sciacovelli,2004-08-01,18,3017030733,nsciacovellino@newsvine.com,,D3597246
883,Sollie,MacTrustam,1989-12-22,33,5579489779,smactrustamnp@gnu.org,,G5053406
884,Otis,Coleford,1991-10-27,31,8398277242,ocolefordnq@unblog.fr,,C1907340
885,Rosalinda,Rolles,1987-01-05,36,4149259270,rrollesnr@google.com,,A2726522
886,Garvey,Alecock,1989-11-18,33,8328524110,galecockns@opera.com,,P6358910
887,Jacynth,Buttler,1983-04-15,39,9764743945,jbuttlernt@dropbox.com,,B9565284
888,Parker,Myrie,2006-10-14,16,7614983039,pmyrienu@1und1.de,,T3193777
889,Dena,Farleigh,1999-08-11,23,1991316199,dfarleighnv@livejournal.com,,J8626290
890,Aloisia,Sonier,2002-08-01,20,4273784223,asoniernw@sfgate.com,,Q6264466
891,Dulsea,Hryncewicz,2001-10-23,21,3158286656,dhryncewicznx@seattletimes.com,,V7631559
892,Lek,Gibben,1982-07-01,40,4683411333,lgibbenny@netscape.com,,E4777507
893,Vasili,Carling,1989-08-27,33,4955496669,vcarlingnz@yandex.ru,,O8581621
894,Lulu,Olman,1980-02-21,43,5076130921,lolmano0@t.co,,H2938444
895,Cate,Pacey,2002-05-12,20,4088445527,cpaceyo1@sohu.com,,A9677414
896,Shannon,Gilluley,1989-11-08,33,8459744411,sgilluleyo2@squarespace.com,,M4808265
897,Jilli,Ellsom,1992-07-18,30,8629403084,jellsomo3@wikipedia.org,,T3237322
898,Rog,Mussetti,1999-07-12,23,3612363629,rmussettio4@apache.org,,H9423114
899,Myron,Philippard,2008-08-07,14,8131229874,mphilippardo5@vkontakte.ru,,C5446403
900,Frederigo,Kinnard,1993-03-22,30,6216012131,fkinnardo6@toplist.cz,,X5037094
901,Van,Dufoure,2010-10-11,12,9253724878,vdufoureo7@engadget.com,,N6630825
902,Kellina,Schiersch,1980-07-05,42,9524031641,kschierscho8@ft.com,,Q7506854
903,Odetta,Senner,2007-10-14,15,1935295934,osennero9@vk.com,,Q7697230
904,Frank,Smaridge,1981-09-17,41,8965815743,fsmaridgeoa@qq.com,,O6654163
905,Hakim,Rosario,1984-01-15,39,4615950710,hrosarioob@fc2.com,,I2780024
906,Any,Bartleman,1996-09-20,26,6862281448,abartlemanoc@imageshack.us,,I2797275
907,Elisabeth,Linstead,1994-01-02,29,6627213456,elinsteadod@arstechnica.com,,D2024140
908,Bryanty,Frayne,1997-06-09,25,6908463346,bfrayneoe@cdc.gov,,H6699872
909,Thayne,Laurencot,1986-04-29,36,1999550449,tlaurencotof@sphinn.com,,Z7248600
910,Erminie,Pearmine,2008-03-10,15,9695208301,epearmineog@ning.com,,Q5816995
911,Timothy,Dinneges,2000-06-19,22,9381283562,tdinnegesoh@artisteer.com,,U8898708
912,Aarika,Louth,1995-07-22,27,6459288340,alouthoi@ucoz.com,,C9338008
913,Amie,Castellucci,1988-05-05,34,2543759697,acastelluccioj@nytimes.com,,S4015844
914,Tillie,Purchon,1998-12-24,24,6251660804,tpurchonok@biglobe.ne.jp,,O2206343
915,Danyelle,Sidsaff,1990-03-16,33,2093488355,dsidsaffol@independent.co.uk,,O5191994
916,Pennie,Duiged,1982-10-27,40,1137386782,pduigedom@ow.ly,,H9940976
917,Dimitri,Spellar,1997-07-05,25,1198610177,dspellaron@infoseek.co.jp,,V7816223
918,Ernestus,Petrovic,1998-05-28,24,8607671788,epetrovicoo@amazon.de,,C9733806
919,Helsa,McDuff,2000-01-21,23,3968711863,hmcduffop@squidoo.com,,E4659351
920,Elizabet,Grundle,2008-10-24,14,3908798805,egrundleoq@squidoo.com,,M4099110
921,Freddie,Durrad,1980-09-17,42,2407991516,fdurrador@alexa.com,,C9161440
922,Marla,Plackstone,1995-01-02,28,5766721462,mplackstoneos@trellian.com,,C3897545
923,Kerrin,Giron,2006-04-15,16,5134051247,kgironot@nba.com,,R1379437
924,Phylis,Krikorian,2007-04-30,15,2572526890,pkrikorianou@tmall.com,,F3272351
925,Cassius,Dysart,1987-01-24,36,5587973990,cdysartov@senate.gov,,X4753527
926,Minnaminnie,Kelemen,2009-03-23,14,8046456041,mkelemenow@thetimes.co.uk,,V3622506
927,Vevay,Stripling,1992-09-20,30,2835482746,vstriplingox@comcast.net,,N4237176
928,Chicky,Swinglehurst,1986-08-04,36,2626013143,cswinglehurstoy@bluehost.com,,R6408548
929,Towney,Conaboy,2003-03-02,20,4037213280,tconaboyoz@mayoclinic.com,,V3097011
930,Dory,Hazeup,1988-11-15,34,7349672725,dhazeupp0@cnbc.com,,L6380250
931,Pandora,O'Lennachain,2000-03-14,23,9129392515,polennachainp1@springer.com,,O3134511
932,Florri,Cauldfield,1983-01-05,40,2972463263,fcauldfieldp2@sun.com,,R9201821
933,Geno,Banat,1998-08-13,24,3996492868,gbanatp3@epa.gov,,U2005289
934,Kennan,Redihalgh,2009-09-15,13,7215879581,kredihalghp4@techcrunch.com,,Z5026239
935,Hermy,Rowett,1981-06-14,41,4021975893,hrowettp5@harvard.edu,,A4017217
936,Millard,Kees,1988-10-01,34,9724197847,mkeesp6@seesaa.net,,Q4658868
937,Zaneta,Fain,1987-05-02,35,9876145013,zfainp7@so-net.ne.jp,,P1547443
938,Meir,Sconce,1995-04-05,27,6524421666,msconcep8@github.com,,V2411512
939,Aksel,Laughton,1997-02-03,26,3651744981,alaughtonp9@prnewswire.com,,Y1430665
940,Cristin,Ogley,1982-08-03,40,3195722907,cogleypa@amazonaws.com,,V6633258
941,Hadleigh,Chown,1991-11-06,31,8306827951,hchownpb@stanford.edu,,Z3881491
942,Renata,Littlepage,1995-07-05,27,9272618342,rlittlepagepc@usda.gov,,B6620889
943,Elyssa,Garfirth,1998-04-24,24,5669295790,egarfirthpd@cam.ac.uk,,G4160765
944,Freedman,Genery,2007-10-12,15,6197647646,fgenerype@wikia.com,,T1732219
945,Price,Dyne,1988-02-22,35,8457067708,pdynepf@businesswire.com,,C6875295
946,Andrea,Paule,1985-10-29,37,3985779298,apaulepg@quantcast.com,,N5730359
947,Carline,Gadman,1994-05-23,28,7092791932,cgadmanph@patch.com,,K9755151
948,Flossi,Trevenu,1981-07-12,41,8557075119,ftrevenupi@redcross.org,,P6607777
949,Gonzalo,Flarity,1997-01-18,26,7585929451,gflaritypj@myspace.com,,D7025272
950,Giffie,Grebbin,1998-04-12,24,7223144074,ggrebbinpk@google.com.hk,,B2914856
951,Sidonnie,Pinhorn,2002-07-19,20,7139266212,spinhornpl@shutterfly.com,,Z8850662
952,Tanny,Trowell,1991-08-09,31,9601624488,ttrowellpm@toplist.cz,,A8675489
953,Adrea,Oldfield-Cherry,2007-01-12,16,9089214472,aoldfieldcherrypn@senate.gov,,C1454278
954,Marilee,Cleverly,1991-01-28,32,4933719734,mcleverlypo@alibaba.com,,S2560081
955,Kimmie,D'Ambrogio,2007-12-17,15,2243218457,kdambrogiopp@youtube.com,,P7811323
956,Matias,Corringham,1997-02-11,26,2621010238,mcorringhampq@biglobe.ne.jp,,R1180504
957,Margalit,Iwanowski,1988-07-13,34,9972152137,miwanowskipr@oaic.gov.au,,I2758223
958,Reggy,Leake,1996-06-26,26,9806966214,rleakeps@whitehouse.gov,,P7509506
959,Moina,Reeves,1982-09-18,40,6216936965,mreevespt@businessinsider.com,,I2559061
960,Karalynn,Eliasson,1986-08-01,36,9477064226,keliassonpu@state.gov,,M5005904
961,Brose,Cron,1990-10-03,32,4462684690,bcronpv@usda.gov,,H3978358
962,Carly,Bermingham,1984-09-04,38,1633328612,cberminghampw@facebook.com,,P5608576
963,Julius,Beadon,1991-03-10,32,9972559247,jbeadonpx@europa.eu,,J8002777
964,Freddy,Prickett,1982-01-02,41,9094641753,fprickettpy@4shared.com,,S2344780
965,Lorna,Got,1984-12-30,38,5537494592,lgotpz@amazonaws.com,,B9175420
966,Nico,Spencer,2002-12-08,20,2555250428,nspencerq0@sun.com,,R6268274
967,Margaux,Kolakowski,1999-11-08,23,4707263099,mkolakowskiq1@biblegateway.com,,J4491573
968,Ladonna,Culpin,2004-05-01,18,6693588820,lculpinq2@unesco.org,,A1556669
969,Sebastian,Kinghorne,1986-10-04,36,5704998170,skinghorneq3@ftc.gov,,E9793930
970,Randee,Fosse,2002-11-19,20,4433421244,rfosseq4@fastcompany.com,,M3960681
971,Caye,Spellar,1992-12-29,30,6035496104,cspellarq5@microsoft.com,,Y4880903
972,Peterus,Liddle,1981-05-03,41,2801721606,pliddleq6@smh.com.au,,I5622743
973,Evan,Pash,1993-07-28,29,4756979993,epashq7@archive.org,,R3491883
974,Israel,Whalley,2002-04-12,20,2518548286,iwhalleyq8@bizjournals.com,,R7368813
975,Michaela,Burnand,2001-01-07,22,4735019737,mburnandq9@msu.edu,,V5293790
976,Nelly,Tetlow,2000-06-01,22,3403663234,ntetlowqa@census.gov,,P8385285
977,Elia,Christene,1991-08-09,31,2167423469,echristeneqb@gov.uk,,L6649326
978,Leslie,McKelvey,1992-06-30,30,6363648219,lmckelveyqc@delicious.com,,Q5480209
979,Rodrique,Tytherton,1985-05-15,37,2774186239,rtythertonqd@dyndns.org,,O1695004
980,Thurstan,Swane,1980-09-13,42,8986571636,tswaneqe@webmd.com,,J4112974
981,Massimiliano,Rawsthorne,2006-09-19,16,1602262570,mrawsthorneqf@independent.co.uk,,D8366996
982,Glori,Linne,1980-07-12,42,2902749255,glinneqg@webs.com,,U3103194
983,Angelina,Powling,2010-03-13,13,5975286510,apowlingqh@miitbeian.gov.cn,,J3869926
984,Nial,Johnsee,1993-05-27,29,9881926097,njohnseeqi@xrea.com,,Q7236670
985,Ricki,Huckerbe,2004-02-18,19,5441853124,rhuckerbeqj@csmonitor.com,,V6891611
986,Conchita,Lewington,1990-08-26,32,9611888882,clewingtonqk@sbwire.com,,W6785063
987,Rolland,Pawley,1997-08-24,25,5033951347,rpawleyql@independent.co.uk,,K5422752
988,D'arcy,Oswell,2006-05-01,16,7681569194,doswellqm@unesco.org,,G1634912
989,Adore,Exley,2003-11-30,19,6781480022,aexleyqn@opera.com,,A7833615
990,Casper,Camolli,1992-06-18,30,7021818942,ccamolliqo@ocn.ne.jp,,I5270290
991,Barbie,Musla,2006-12-28,16,7041451591,bmuslaqp@istockphoto.com,,N8287775
992,Sheila,Simmank,1984-01-19,39,2221948515,ssimmankqq@odnoklassniki.ru,,C3705364
993,Dilan,Henniger,2003-11-23,19,6374897991,dhennigerqr@nifty.com,,S7693818
994,Katy,Alexis,2001-05-22,21,9815114484,kalexisqs@state.gov,,M6824730
995,Talbot,Warmisham,1993-05-07,29,4014992199,twarmishamqt@uol.com.br,,C1699887
996,Barbey,Ida,1982-11-01,40,1611131722,bidaqu@timesonline.co.uk,,L9318374
997,Ede,Haslum,1981-01-01,42,4808166951,ehaslumqv@squidoo.com,,J3767287
998,Freedman,Leggat,1999-12-08,23,5447217379,fleggatqw@google.it,,S8224167
999,Pip,Impett,1986-12-26,36,4279474786,pimpettqx@ameblo.jp,,X1537663
1000,Dianemarie,Barwell,2007-01-12,16,7948598982,dbarwellqy@sogou.com,,B1418685
1001,Halette,Ferie,2004-03-16,19,1312071565,hferieqz@bbb.org,,L4527693
1002,Lexi,Lazare,1992-07-16,30,9302506760,llazarer0@fema.gov,,H3053300
1003,Shelagh,Zanioletti,1985-06-24,37,9583349456,szaniolettir1@npr.org,,V4183591
1004,Katrinka,Gilbard,1980-08-07,42,9087123897,kgilbardr2@fda.gov,,J9247502
1005,Tiphany,Gaukrodge,1983-09-13,39,9709808368,tgaukrodger3@google.es,,F2048926
1006,Reggie,McMillam,1993-12-07,29,4442380126,rmcmillamr4@networksolutions.com,,M6853541
1007,Hogan,McCoveney,2007-08-21,15,4556280423,hmccoveneyr5@github.io,,T9381346
1008,Robina,Brigshaw,1999-09-23,23,2996350986,rbrigshawr6@istockphoto.com,,E3869613
1009,Lusa,Jeremaes,1986-01-05,37,4252898121,ljeremaesr7@yahoo.co.jp,,D3012528
1010,Aurore,Geldert,1995-06-28,27,9065364236,ageldertr8@webmd.com,,S8947685
1011,Kahaleel,Knightsbridge,2006-06-10,16,7596786802,kknightsbridger9@plala.or.jp,,O5845201
1012,Hubert,O'Crevy,2000-03-16,23,1765925432,hocrevyra@bing.com,,R2580276
1013,Hunfredo,Braemer,2010-09-05,12,9567304131,hbraemerrb@slate.com,,S1804195
1014,Colet,Tolmie,2000-02-29,23,2344130638,ctolmierc@kickstarter.com,,A5955219
1015,Holly,Pitman,1987-11-25,35,5363934469,hpitmanrd@mac.com,,W3687687
1016,Shalom,Fidock,2002-09-11,20,3597260751,sfidockre@php.net,,P2876364
1017,Natal,Austing,1999-08-03,23,5104178544,naustingrf@google.com.au,,F4889516
1018,Kipp,Inger,1998-04-02,25,4687708490,kingerrg@opera.com,,K9707859
1019,Myron,Hardes,1981-12-30,41,8293655442,mhardesrh@chicagotribune.com,,T4751946
1020,Cymbre,Peachment,1984-10-14,38,2355549894,cpeachmentri@google.com.au,,B6277059
1021,Isak,Pizzey,2008-04-17,14,1102973886,ipizzeyrj@yahoo.com,,Y8722469
1022,Any,Pantling,2000-04-28,22,6757871640,apantlingrk@craigslist.org,,T3329167
1023,Issie,Olivelli,1985-06-04,37,4092347850,iolivellirl@home.pl,,H4144397
1024,Whit,Sandry,1993-09-16,29,2069925068,wsandryrm@live.com,,F7708445
1025,Lizbeth,Neesham,1984-10-08,38,5845974685,lneeshamrn@shinystat.com,,R9545502
1026,Carolynn,Shakeshaft,2010-07-21,12,9319735339,cshakeshaftro@pbs.org,,A9033845
1027,Roberto,Neissen,1992-09-05,30,6793569629,rneissenrp@jalbum.net,,T1434643
1028,Dermot,Lukins,2006-12-21,16,8642690230,dlukinsrq@vinaora.com,,I6698066
1029,Chelsey,Brecknall,1987-07-04,35,4505615205,cbrecknallrr@narod.ru,,H4263618
