Cust_Id,FirstName,LastName,Age,PhoneNumber,Email_ID,MembershipID,DL_Number
30,Nertie,Josephoff,Female,(858) 2946333,njosephoff0@patch.com,M31,W7050353
31,Rory,Burghall,Agender,(514) 4737096,rburghall1@gmpg.org,M367,J1532897
32,Jenn,Farman,Female,(576) 1378150,jfarman2@bbc.co.uk,M756,T4023279
33,Glynda,Venners,Female,(662) 4325726,gvenners3@furl.net,M129,Y4229476
34,Shalna,Oldfield,Female,(748) 6019969,soldfield4@mediafire.com,M904,Y9991448
35,Yehudi,Stringer,Male,(634) 8115472,ystringer5@whitehouse.gov,M678,V7061552
36,Collen,Osmon,Female,(295) 9567994,cosmon6@uol.com.br,M947,X3187694
37,Karolina,Stebbings,Polygender,(924) 5147354,kstebbings7@businessinsider.com,M392,K9923168
38,Pierce,Gile,Male,(806) 8941544,pgile8@geocities.jp,M123,D6738926
39,Dal,Knightley,Genderfluid,(838) 1772769,dknightley9@indiegogo.com,M549,K4030432
40,Hugo,Tarborn,Male,(646) 8847755,htarborna@dedecms.com,M813,C7363241
41,Theodora,Tingey,Female,(575) 5870748,ttingeyb@devhub.com,M584,X1286524
42,Julio,Jevon,Male,(210) 6516590,jjevonc@bloomberg.com,M440,X7259017
43,Jared,Rodenhurst,Male,(901) 5529369,jrodenhurstd@umich.edu,M983,W2641730
44,Osbourn,Downie,Male,(244) 9532316,odowniee@ucla.edu,M723,Q8109252
45,Jammal,Picken,Male,(460) 1281047,jpickenf@blog.com,M446,J3855007
46,Dyanna,Bonafacino,Female,(993) 6945406,dbonafacinog@github.io,M588,J4126696
47,Petronilla,Hryncewicz,Female,(998) 1964296,phryncewiczh@redcross.org,M100,N9603045
48,Justinian,Bruton,Male,(864) 6215784,jbrutoni@cnet.com,M795,R9894770
49,Siobhan,Filov,Female,(842) 5246338,sfilovj@uol.com.br,M576,D9032421
50,Gauthier,Brody,Male,(113) 1136780,gbrodyk@comcast.net,M35,C7417097
51,Eliza,Fabri,Non-binary,(935) 8966177,efabril@weather.com,M608,Q1429821
52,Emyle,McClory,Female,(599) 8140070,emcclorym@discuz.net,M84,O6779913
53,Casie,Garvagh,Female,(765) 6982941,cgarvaghn@youtube.com,M327,O4163038
54,Lucien,Ciobotaro,Male,(323) 3666820,lciobotaroo@networkadvertising.org,M599,F1947978
55,Fonzie,Craigg,Male,(949) 3100743,fcraiggp@clickbank.net,M41,Z9018817
56,Thayne,May,Genderfluid,(806) 9905181,tmayq@shutterfly.com,M158,B7588360
57,Miles,Charlot,Male,(138) 9983129,mcharlotr@github.io,M396,Z3492338
58,Tami,Creak,Female,(888) 9295421,tcreaks@youku.com,M349,D8333438
59,Fanny,Lumbers,Female,(819) 5247669,flumberst@state.gov,M239,Z5270134
60,Bernetta,Winterbottom,Female,(739) 9826390,bwinterbottomu@slashdot.org,M260,U4850364
61,Cullen,Polon,Male,(193) 9209378,cpolonv@i2i.jp,M482,G1927597
62,Steffen,Padbery,Male,(513) 7452740,spadberyw@ebay.com,M108,Z8843014
63,Nancie,Ditchburn,Non-binary,(448) 3128569,nditchburnx@nyu.edu,M155,R1059996
64,Nikki,Voff,Male,(317) 8261710,nvoffy@tmall.com,M531,K1892201
65,Magdaia,Kubach,Female,(838) 2307796,mkubachz@bigcartel.com,M992,V2504225
66,Sharon,Clandillon,Female,(420) 6919172,sclandillon10@com.com,M103,H2999531
67,Shaine,Prisley,Male,(690) 2188438,sprisley11@netvibes.com,M591,K3280164
68,Bron,Doni,Male,(150) 6405975,bdoni12@w3.org,M326,A3096812
69,Hew,Schimon,Male,(431) 5998362,hschimon13@instagram.com,M674,E7853325
70,Gerry,Barkhouse,Male,(141) 7836403,gbarkhouse14@marriott.com,M162,O2774350
71,Olive,Kleinhausen,Female,(230) 3892096,okleinhausen15@europa.eu,M469,O4597704
72,Bank,Dreakin,Male,(458) 2725609,bdreakin16@blogtalkradio.com,M83,G7092900
73,Joshuah,Reneke,Male,(398) 9257998,jreneke17@linkedin.com,M700,E2322511
74,Franny,O'Hdirscoll,Male,(243) 3298911,fohdirscoll18@spiegel.de,M372,H9984004
75,Quintana,Yurkiewicz,Female,(338) 5075840,qyurkiewicz19@ted.com,M931,C2368359
76,Alfonso,Paydon,Male,(619) 3267715,apaydon1a@dion.ne.jp,M797,E9900050
77,Odelle,Etty,Non-binary,(101) 1265913,oetty1b@instagram.com,M262,F3741702
78,Tina,O' Mara,Genderfluid,(268) 9466496,tomara1c@intel.com,M409,B9548906
79,Bab,Ponceford,Female,(792) 8453746,bponceford1d@google.com.hk,M328,I4180427
80,Kermy,Warstall,Male,(982) 4636378,kwarstall1e@mayoclinic.com,M411,C3311467
81,Dane,Venable,Male,(914) 9650845,dvenable1f@wired.com,M625,D8721819
82,Cyrille,Rubinow,Male,(190) 9613056,crubinow1g@php.net,M187,B1475942
83,Sydelle,Torrecilla,Agender,(856) 3402806,storrecilla1h@sbwire.com,M722,W2991697
84,Consuela,Sommersett,Female,(728) 5614116,csommersett1i@mac.com,M571,O3848892
85,Nikola,MacNair,Male,(580) 4325970,nmacnair1j@dedecms.com,M358,Q3487276
86,Herta,Ableson,Female,(765) 9342471,hableson1k@imdb.com,M594,W2508819
87,Brit,Cansdill,Male,(889) 9656651,bcansdill1l@engadget.com,M381,U6128339
88,Antonietta,Leuty,Agender,(343) 6293512,aleuty1m@boston.com,M653,E3416765
89,Isis,Gryglewski,Female,(629) 2796501,igryglewski1n@census.gov,M704,U6250218
90,Davidson,Smallbone,Male,(316) 6752143,dsmallbone1o@privacy.gov.au,M204,O1048402
91,Bendick,De Santos,Genderfluid,(419) 5053985,bdesantos1p@dedecms.com,M72,X5926578
92,Kearney,Hane,Genderqueer,(964) 1267657,khane1q@godaddy.com,M828,T8083608
93,Brien,Lennarde,Genderqueer,(687) 5232364,blennarde1r@exblog.jp,M669,E1173405
94,Matthiew,Kleinmann,Male,(471) 6421894,mkleinmann1s@free.fr,M131,R2566527
95,Sean,Buxam,Male,(583) 7338130,sbuxam1t@issuu.com,M226,K5617326
96,Reid,Francesconi,Non-binary,(960) 1996570,rfrancesconi1u@ehow.com,M570,J1183233
97,Brad,Kenrat,Male,(282) 2763882,bkenrat1v@de.vu,M579,S4478229
98,Gabbey,Bootton,Female,(480) 2940475,gbootton1w@ox.ac.uk,M323,V8268581
99,Richmond,Trewhella,Male,(851) 9226948,rtrewhella1x@guardian.co.uk,M407,L2791230
100,Glenn,Itzcovich,Agender,(885) 2319920,gitzcovich1y@wufoo.com,M911,Z6388511
101,Jarvis,Desouza,Male,(979) 8418578,jdesouza1z@multiply.com,M311,T8041527
102,Ximenes,Harbron,Male,(179) 2990183,xharbron20@about.me,M112,R6174358
103,Calli,Charlon,Female,(896) 6843696,ccharlon21@ow.ly,M951,D2538621
104,Breanne,Gallichan,Female,(598) 5867708,bgallichan22@abc.net.au,M800,T3413207
105,Hazel,Carlaw,Female,(682) 3019780,hcarlaw23@g.co,M886,C8991244
106,Bastian,Anetts,Male,(943) 2585370,banetts24@businessinsider.com,M511,V5619673
107,Merrel,Curreen,Male,(193) 5628865,mcurreen25@wordpress.com,M581,N9197144
108,Giacopo,Burbank,Male,(808) 9783173,gburbank26@newsvine.com,M809,S4076048
109,Guenna,Caras,Female,(267) 1019585,gcaras27@narod.ru,M201,D3044500
110,Feliks,Demsey,Male,(587) 5707966,fdemsey28@si.edu,M322,H5597903
111,Ronny,Gratrex,Female,(960) 8317263,rgratrex29@google.de,M529,Y6741588
112,Woodrow,Issakov,Male,(104) 8532393,wissakov2a@redcross.org,M695,N7865617
113,Frasier,Van der Velde,Male,(645) 7556505,fvandervelde2b@adobe.com,M545,E3744714
114,Alf,Downgate,Male,(268) 5589909,adowngate2c@acquirethisname.com,M32,P9969537
115,Etti,Jaquest,Female,(756) 6022149,ejaquest2d@google.de,M765,L8555370
116,Kizzie,Elphick,Female,(923) 3543978,kelphick2e@bizjournals.com,M856,G1162336
117,Fons,Jonuzi,Male,(546) 4977297,fjonuzi2f@oakley.com,M406,O1629453
118,Tammara,Birtle,Female,(925) 4621794,tbirtle2g@oakley.com,M709,L7385337
119,Nerty,Colloff,Female,(102) 3430250,ncolloff2h@ezinearticles.com,M689,H3597997
120,Winona,Sackett,Female,(748) 6581741,wsackett2i@webs.com,M306,O8156174
121,Blakeley,Fidilis,Female,(100) 6892817,bfidilis2j@jigsy.com,M513,U1804836
122,Bronny,Whitticks,Male,(211) 3777695,bwhitticks2k@facebook.com,M474,X1476567
123,Anabella,Bonn,Female,(184) 7560542,abonn2l@twitpic.com,M755,U5016185
124,Filmore,Antonovic,Male,(132) 1460966,fantonovic2m@va.gov,M635,B6735504
125,Bab,McCory,Female,(586) 5591020,bmccory2n@mlb.com,M966,U7571594
126,Meade,Pescott,Female,(974) 6712501,mpescott2o@zimbio.com,M122,U3868577
127,Vaclav,Fairley,Male,(233) 9976914,vfairley2p@nymag.com,M738,W2548769
128,Winnie,Tapner,Female,(604) 4229216,wtapner2q@sakura.ne.jp,M451,X9073501
129,Suzette,Griffith,Polygender,(957) 4937618,sgriffith2r@usnews.com,M820,B3979851
130,Lay,Waterstone,Male,(846) 8820813,lwaterstone2s@spotify.com,M658,L5923863
131,Lamond,Potte,Male,(234) 9719961,lpotte2t@usgs.gov,M917,S7159045
132,Amby,Vallow,Male,(379) 4690397,avallow2u@devhub.com,M279,X1786793
133,Doyle,Bearward,Male,(665) 2528595,dbearward2v@cbslocal.com,M812,W1894229
134,Noel,Klempke,Male,(906) 7177784,nklempke2w@sbwire.com,M475,C6586600
135,Willamina,Milksop,Female,(158) 9022318,wmilksop2x@nhs.uk,M154,O7354116
136,Amber,Mullard,Female,(965) 3285299,amullard2y@mediafire.com,M857,B2475590
137,Chad,Chate,Male,(242) 2281706,cchate2z@furl.net,M841,O7073022
138,Thaddus,Franz-Schoninger,Male,(784) 6327235,tfranzschoninger30@newsvine.com,M675,H8257031
139,Glyn,Viney,Male,(459) 8118321,gviney31@indiegogo.com,M822,T3051438
140,Casper,Howford,Male,(312) 1108627,chowford32@cornell.edu,M491,C4713044
141,Zelig,Britnell,Male,(322) 5708857,zbritnell33@amazon.de,M802,M6061056
142,Jase,Grosvenor,Male,(242) 3317832,jgrosvenor34@ed.gov,M805,D8825055
143,Norri,Inge,Female,(289) 1090975,ninge35@boston.com,M457,N7485377
144,Clarence,Benoit,Male,(157) 9169464,cbenoit36@stumbleupon.com,M251,D5638758
145,Kellby,Bligh,Male,(685) 9196930,kbligh37@creativecommons.org,M751,K2056455
146,Laurene,Ghiroldi,Agender,(527) 8462274,lghiroldi38@google.nl,M705,D6993859
147,Trish,Hoyt,Female,(904) 1881676,thoyt39@t-online.de,M713,K2262418
148,Claudie,Jean,Female,(248) 4091700,cjean3a@dell.com,M308,K8668697
149,Emelia,Worswick,Female,(601) 8797728,eworswick3b@taobao.com,M424,C2634664
150,Roland,Riddock,Agender,(454) 2758288,rriddock3c@theglobeandmail.com,M415,A3957634
151,Caitrin,Kynder,Female,(356) 1064865,ckynder3d@apache.org,M59,N9445053
152,Hendrick,Quillinane,Male,(634) 1806721,hquillinane3e@cpanel.net,M185,L5833406
153,Jacenta,Langsdon,Female,(429) 7839600,jlangsdon3f@addtoany.com,M899,L4757643
154,Raimund,Vispo,Male,(186) 1335019,rvispo3g@bandcamp.com,M546,X2853391
155,Emmy,Peasnone,Male,(704) 5603124,epeasnone3h@kickstarter.com,M182,V3602383
156,Lauree,McDermot,Female,(510) 9064373,lmcdermot3i@nature.com,M892,M2472897
157,Glory,Jeromson,Bigender,(558) 4315043,gjeromson3j@salon.com,M982,U7790191
158,Hadleigh,Ellesmere,Male,(119) 1994253,hellesmere3k@tripadvisor.com,M649,Z6660152
159,Gianni,Alentyev,Male,(880) 2481711,galentyev3l@ow.ly,M278,H7389058
160,Winne,Treneman,Female,(487) 1242546,wtreneman3m@tinypic.com,M101,I7326512
161,Katuscha,Keyho,Female,(700) 8867641,kkeyho3n@google.com.br,M997,Q5758265
162,Aurilia,Tart,Female,(625) 3749769,atart3o@fastcompany.com,M533,S8891972
163,Alric,Hynd,Male,(289) 3999978,ahynd3p@altervista.org,M535,O8563367
164,Lira,Janic,Polygender,(143) 8809900,ljanic3q@de.vu,M330,T1348928
165,Ashleigh,Boylin,Female,(692) 1202657,aboylin3r@cbc.ca,M832,B6049187
166,Debbi,Tilston,Bigender,(889) 7232807,dtilston3s@tripod.com,M245,J2494922
167,Hubie,Labrom,Male,(659) 8855203,hlabrom3t@cafepress.com,M114,K9184612
168,Scotti,Levings,Male,(701) 4238590,slevings3u@google.com,M893,V5180983
169,Shannon,Hanmore,Female,(679) 9393477,shanmore3v@netscape.com,M816,E3892100
170,Sloan,Astlatt,Male,(356) 3854181,sastlatt3w@hc360.com,M301,V7943693
171,Aldon,Stoner,Male,(306) 6524810,astoner3x@linkedin.com,M735,W8859629
172,Gloriana,Kroll,Female,(496) 6318890,gkroll3y@acquirethisname.com,M900,N4504555
173,Livia,McLennan,Female,(186) 4258607,lmclennan3z@naver.com,M382,H9388882
174,Darlleen,Wickendon,Female,(727) 1047013,dwickendon40@163.com,M732,D3664478
175,Melessa,Bampkin,Female,(670) 5385878,mbampkin41@princeton.edu,M171,X9383673
176,Andromache,Husselbee,Female,(331) 9155393,ahusselbee42@cbsnews.com,M547,M3875322
177,Temp,Absolom,Male,(771) 1976439,tabsolom43@miitbeian.gov.cn,M808,E9562350
178,Velma,MacMorland,Female,(299) 1702369,vmacmorland44@smh.com.au,M378,C7130362
179,Constantin,Wurz,Male,(679) 6417505,cwurz45@cisco.com,M315,F5232427
180,Lainey,Pierce,Female,(971) 6508555,lpierce46@yolasite.com,M768,B5511468
181,Stanislaus,Shillabear,Male,(842) 6343672,sshillabear47@devhub.com,M133,C8804899
182,Frances,Gollin,Female,(530) 7040515,fgollin48@netscape.com,M220,C4952280
183,Zebulon,Barlace,Male,(300) 2906773,zbarlace49@nyu.edu,M242,B2391948
184,Gar,Eardley,Male,(999) 1366248,geardley4a@nytimes.com,M745,L9552548
185,Kristofor,Kmietsch,Male,(657) 2600343,kkmietsch4b@deviantart.com,M562,J2804632
186,Willem,Wardell,Male,(362) 7139985,wwardell4c@mapquest.com,M818,Q4965454
187,Humphrey,Duck,Male,(281) 1186281,hduck4d@lulu.com,M933,G4886306
188,Bailie,Barrett,Male,(647) 1239114,bbarrett4e@furl.net,M78,F7226302
189,Knox,Cotmore,Male,(718) 4867004,kcotmore4f@slideshare.net,M876,J2745315
190,Caddric,Richardet,Male,(720) 6862048,crichardet4g@xrea.com,M166,M5862915
191,Vladimir,Dannel,Male,(500) 1424452,vdannel4h@irs.gov,M289,D5808869
192,Giovanni,Lipson,Male,(803) 7835951,glipson4i@ihg.com,M926,T7789005
193,Cornelle,Webland,Female,(738) 8318441,cwebland4j@blogtalkradio.com,M280,S9892365
194,Lauritz,Quarrington,Male,(370) 1267945,lquarrington4k@newyorker.com,M399,L3014133
195,Meara,Henniger,Female,(670) 4507363,mhenniger4l@time.com,M247,K2151263
196,Flemming,Crust,Male,(553) 8539222,fcrust4m@foxnews.com,M686,T6508785
197,Drusy,Murtell,Female,(741) 8072527,dmurtell4n@friendfeed.com,M637,J7770105
198,Garrett,Stitfall,Male,(934) 1933214,gstitfall4o@usatoday.com,M508,Y7202503
199,Regan,Colleer,Male,(282) 3495055,rcolleer4p@webmd.com,M632,O7211835
200,Patrizio,Westcot,Male,(239) 2161959,pwestcot4q@fastcompany.com,M273,Z7372321
201,Luce,Bront,Female,(288) 4412817,lbront4r@mapy.cz,M164,S3328845
202,Ilene,Cowdery,Female,(307) 7983239,icowdery4s@ask.com,M57,B6970316
203,Austen,Pryce,Male,(369) 8082460,apryce4t@yahoo.com,M663,A1422174
204,Kathlin,Puttrell,Female,(779) 6690146,kputtrell4u@twitpic.com,M256,H3657659
205,Clarke,Lutz,Male,(563) 3440011,clutz4v@dedecms.com,M374,N8639645
206,Luis,Apedaile,Male,(460) 2771690,lapedaile4w@nbcnews.com,M97,J5854487
207,Dulsea,Dudney,Female,(471) 6178420,ddudney4x@jugem.jp,M976,R5354495
208,Madella,Larimer,Female,(197) 9508651,mlarimer4y@linkedin.com,M197,B1147017
209,Obadias,Lortzing,Male,(405) 1898298,olortzing4z@dagondesign.com,M91,W5451021
210,Candida,Debrett,Female,(993) 8761460,cdebrett50@deviantart.com,M859,N6983686
211,Adolf,Walwood,Male,(478) 2874561,awalwood51@webnode.com,M283,M6079236
212,Maxie,Ransbury,Female,(429) 9321697,mransbury52@japanpost.jp,M602,P6225065
213,Darcee,Lydall,Female,(317) 4641048,dlydall53@naver.com,M810,R6470721
214,Wenda,Ahearne,Female,(906) 4853374,wahearne54@ask.com,M737,S8826303
215,Susie,Endacott,Female,(767) 1264365,sendacott55@bloomberg.com,M891,P6399829
216,Maribeth,Snadden,Female,(708) 9854064,msnadden56@exblog.jp,M305,I2612858
217,Luisa,Pohl,Female,(812) 7111597,lpohl57@ebay.co.uk,M819,X7608901
218,Granthem,Waliszewski,Male,(942) 6337880,gwaliszewski58@google.co.jp,M248,O8010185
219,Ofella,Wadly,Female,(948) 3865168,owadly59@parallels.com,M99,V5260153
220,Katinka,MacElane,Female,(832) 1576421,kmacelane5a@wisc.edu,M93,Y2335653
221,Alena,Jahnel,Female,(704) 1871168,ajahnel5b@posterous.com,M142,L9072233
222,Chaddy,Vankeev,Male,(321) 4302934,cvankeev5c@hexun.com,M953,E3861887
223,Leonard,Bims,Non-binary,(619) 3754614,lbims5d@answers.com,M302,O1600985
224,Margaretha,Reddan,Female,(889) 6798812,mreddan5e@whitehouse.gov,M116,Q7216372
225,Gonzalo,Parton,Male,(813) 7764080,gparton5f@quantcast.com,M420,R6167510
226,Ranice,Pinney,Female,(341) 9402707,rpinney5g@printfriendly.com,M58,M7087080
227,Israel,Lathleiffure,Male,(114) 1937772,ilathleiffure5h@drupal.org,M390,J5421204
228,Rasia,Argile,Female,(963) 4149187,rargile5i@ning.com,M749,Q7173717
229,Brock,Vannuchi,Male,(630) 9613678,bvannuchi5j@furl.net,M167,G6699953
230,Burton,Bowerbank,Non-binary,(726) 3796832,bbowerbank5k@photobucket.com,M945,Q1589288
231,Raychel,Barwell,Female,(393) 6242255,rbarwell5l@tmall.com,M128,D9717289
232,George,Cuttelar,Male,(575) 2953578,gcuttelar5m@washington.edu,M965,E2440137
233,Arden,Cops,Female,(913) 9561375,acops5n@cloudflare.com,M701,Y9272156
234,Gardiner,Row,Male,(521) 7150460,grow5o@a8.net,M620,X7608980
235,Wallie,Ortmann,Female,(454) 6506350,wortmann5p@shutterfly.com,M616,R5261910
236,Xavier,Blessed,Male,(260) 2392664,xblessed5q@buzzfeed.com,M478,J5664984
237,Lemar,Barkas,Male,(429) 7718268,lbarkas5r@rediff.com,M673,U7465793
238,Darrell,Barense,Male,(458) 6656616,dbarense5s@dell.com,M930,N6825562
239,Maurie,Causbey,Male,(827) 2779410,mcausbey5t@skyrock.com,M923,W5310982
240,Marcel,Nield,Male,(135) 1455616,mnield5u@example.com,M96,A4891517
241,Wilmer,Kestian,Male,(320) 9562914,wkestian5v@foxnews.com,M450,F6199209
242,Jsandye,Wickersham,Female,(978) 9557253,jwickersham5w@dailymotion.com,M432,T8986590
243,Emalia,France,Female,(124) 9473603,efrance5x@accuweather.com,M621,T8901858
244,Maddalena,Sancraft,Female,(229) 6672977,msancraft5y@scribd.com,M403,T6106383
245,Brina,Chewter,Female,(736) 6350137,bchewter5z@cnn.com,M633,T2445439
246,Roselle,Furnell,Female,(986) 2186448,rfurnell60@yahoo.co.jp,M804,Z6004276
247,Petunia,Annis,Female,(784) 9572741,pannis61@unblog.fr,M516,U3535060
248,Milka,Wales,Female,(376) 2492086,mwales62@phpbb.com,M225,I7622843
249,Timi,Bachmann,Bigender,(931) 8818042,tbachmann63@bloglines.com,M636,B6262914
250,Dionisio,Renton,Male,(636) 3089919,drenton64@discovery.com,M553,N3554921
251,Wayland,Rushman,Male,(442) 2071777,wrushman65@dropbox.com,M825,M9853326
252,Edithe,Twiname,Female,(254) 8825975,etwiname66@sun.com,M47,G3617842
253,Christyna,Thurman,Female,(831) 1915443,cthurman67@latimes.com,M973,M7094332
254,Aeriela,Mattek,Polygender,(993) 3591021,amattek68@over-blog.com,M53,H7691387
255,Wilfrid,Sterndale,Male,(219) 5789811,wsterndale69@cisco.com,M536,W9584174
256,Rik,McGinnis,Male,(461) 8207725,rmcginnis6a@live.com,M466,M7044566
257,Eleonora,Augie,Female,(320) 9270261,eaugie6b@flickr.com,M296,B1359455
258,Freddy,Grelak,Female,(599) 8373982,fgrelak6c@engadget.com,M952,H8362857
259,Chelsea,Squeers,Female,(874) 7009473,csqueers6d@hud.gov,M422,S2943909
260,Dareen,Heliet,Female,(661) 7384133,dheliet6e@oaic.gov.au,M337,Q9205412
261,Simonette,O'Hallagan,Female,(214) 4910897,sohallagan6f@xinhuanet.com,M903,L8981443
262,Ursulina,Sewill,Female,(900) 2137232,usewill6g@symantec.com,M696,T5058730
263,Mortimer,Ree,Male,(275) 6684044,mree6h@hp.com,M530,K4017752
264,Nestor,Gartside,Male,(188) 8975842,ngartside6i@homestead.com,M276,T3894624
265,Glen,Kluss,Female,(546) 9666563,gkluss6j@vkontakte.ru,M343,B5461923
266,Georges,Ivanyutin,Male,(126) 7468886,givanyutin6k@barnesandnoble.com,M600,A2840573
267,Dew,Spiniello,Genderfluid,(656) 1993930,dspiniello6l@slideshare.net,M178,J6284740
268,Norine,Brute,Female,(963) 7523448,nbrute6m@lycos.com,M408,R7964349
269,Bibi,MacCoughen,Female,(724) 7405888,bmaccoughen6n@yelp.com,M914,Q2355891
270,Shell,Wealleans,Male,(469) 3106764,swealleans6o@csmonitor.com,M582,V7100017
271,Jacintha,Cory,Female,(200) 7432959,jcory6p@goo.gl,M617,S7012172
272,Taddeusz,Plum,Male,(606) 8794132,tplum6q@scribd.com,M865,K8091718
273,Addi,MacGibbon,Female,(157) 8217862,amacgibbon6r@tiny.cc,M454,I6908994
274,Sarah,Neno,Female,(660) 4928175,sneno6s@vk.com,M922,H8660365
275,Georas,Bourner,Bigender,(516) 7226231,gbourner6t@dell.com,M303,T1892969
276,Roosevelt,Yockley,Male,(585) 1204338,ryockley6u@webeden.co.uk,M956,W8572718
277,Haley,Turpie,Male,(409) 5285063,hturpie6v@elpais.com,M212,X7901366
278,Maurie,Wythe,Male,(176) 6376820,mwythe6w@google.co.uk,M484,N8077061
279,Bonny,Heugle,Female,(429) 9236883,bheugle6x@issuu.com,M199,G6637974
280,Hortensia,Grigori,Female,(447) 4889803,hgrigori6y@google.es,M665,C4730992
281,Cordi,Bullough,Female,(855) 9123629,cbullough6z@surveymonkey.com,M436,S8414208
282,Aridatha,Fridd,Female,(467) 2205314,afridd70@digg.com,M85,A3194941
283,Jon,Nesbeth,Genderqueer,(600) 1027649,jnesbeth71@ifeng.com,M752,I7032983
284,Hadrian,Creagh,Male,(398) 3957888,hcreagh72@hp.com,M198,P3151425
285,Dennis,Putton,Male,(477) 2473672,dputton73@bloomberg.com,M218,D5733329
286,Yankee,Schubart,Male,(586) 1935890,yschubart74@tripadvisor.com,M39,H6943294
287,Alleen,Skeldon,Female,(260) 9186373,askeldon75@pagesperso-orange.fr,M734,L2733826
288,Patsy,Pennick,Male,(180) 7302327,ppennick76@freewebs.com,M506,T7684771
289,Noami,Gapper,Female,(268) 7733700,ngapper77@wufoo.com,M417,D4129970
290,Terrence,Felipe,Agender,(165) 3181056,tfelipe78@myspace.com,M325,M3356544
291,Quincey,Judkin,Male,(819) 7530718,qjudkin79@google.de,M598,N2112038
292,Avrom,Swatten,Male,(756) 3057035,aswatten7a@dell.com,M687,S3830877
293,Janela,Halsall,Female,(805) 5324163,jhalsall7b@wunderground.com,M773,A5027116
294,Dante,Thickens,Male,(693) 5727953,dthickens7c@abc.net.au,M741,X9637948
295,Tabbitha,Barthrop,Female,(737) 7558474,tbarthrop7d@google.nl,M872,X7213673
296,Garfield,Treves,Male,(757) 2401235,gtreves7e@microsoft.com,M140,A4455621
297,Gauthier,Daniells,Male,(727) 4258465,gdaniells7f@pcworld.com,M79,I7610121
298,Maryjane,Manketell,Female,(469) 2480814,mmanketell7g@naver.com,M949,H3451908
299,Dev,Palombi,Male,(408) 2036353,dpalombi7h@1und1.de,M479,Y1002344
300,Elene,Labon,Female,(281) 6698094,elabon7i@apple.com,M464,M2631995
301,Jeremy,Rapi,Male,(247) 3209819,jrapi7j@drupal.org,M728,Y7115648
302,Udell,Lohden,Male,(370) 3800592,ulohden7k@indiegogo.com,M656,O2186847
303,Dionisio,Cobden,Male,(430) 9313603,dcobden7l@washington.edu,M384,R6975208
304,Antonino,Blooman,Male,(912) 3567302,ablooman7m@lulu.com,M644,Y1978153
305,Yankee,Bernadot,Male,(125) 9551201,ybernadot7n@walmart.com,M565,C2351560
306,Tasia,Callander,Female,(132) 8336708,tcallander7o@europa.eu,M40,Z5287766
307,Carline,Climar,Female,(513) 6844251,cclimar7p@scribd.com,M196,X6977012
308,Sigfrid,Georgel,Male,(270) 3625863,sgeorgel7q@globo.com,M117,H5025514
309,Ania,Braven,Female,(257) 4912778,abraven7r@ehow.com,M33,Y4398339
310,Brody,Twohig,Male,(707) 9674616,btwohig7s@ycombinator.com,M969,J1929407
311,Staffard,Bernardin,Male,(969) 9230742,sbernardin7t@meetup.com,M681,C3789240
312,Jamesy,Broomhead,Male,(707) 8030994,jbroomhead7u@tinyurl.com,M234,S8357702
313,Lauritz,Ashcroft,Male,(904) 9089964,lashcroft7v@shop-pro.jp,M193,O2226812
314,Kizzee,Smorthit,Genderfluid,(899) 9434214,ksmorthit7w@mail.ru,M52,A2403594
315,Herbert,Adlard,Male,(919) 2000111,hadlard7x@stumbleupon.com,M340,K8013466
316,Renado,Peeters,Male,(925) 5690770,rpeeters7y@whitehouse.gov,M634,Y4770485
317,Shane,Gruszka,Male,(953) 6965432,sgruszka7z@jiathis.com,M401,D4976705
318,Devin,Gomm,Male,(548) 6312517,dgomm80@yale.edu,M81,Y3666699
319,Amye,Ruprechter,Female,(796) 8790820,aruprechter81@issuu.com,M748,J8097692
320,Dennie,Franseco,Male,(644) 4886689,dfranseco82@ox.ac.uk,M254,F7267372
321,Hattie,Hammerstone,Female,(516) 1687280,hhammerstone83@scribd.com,M897,Z8803393
322,Angelika,Shipston,Female,(276) 8651918,ashipston84@godaddy.com,M760,L4313285
323,Ganny,Agent,Male,(816) 3348910,gagent85@slideshare.net,M946,D2624228
324,Maiga,Nuscha,Non-binary,(728) 8280817,mnuscha86@wp.com,M172,R8957071
325,Raff,Moriarty,Male,(404) 3968119,rmoriarty87@people.com.cn,M395,Y2693693
326,Freeland,Canario,Male,(175) 8566859,fcanario88@patch.com,M881,N4722867
327,Eberhard,Cadogan,Male,(187) 4569728,ecadogan89@google.de,M485,V6964979
328,Eamon,McAlarney,Male,(401) 7517001,emcalarney8a@marriott.com,M37,T8473171
329,Brade,Curnow,Male,(464) 7994465,bcurnow8b@pbs.org,M285,A2792467
330,Menard,Frisby,Male,(140) 7943600,mfrisby8c@bing.com,M863,G8621121
331,Rustin,Curgenven,Male,(896) 3702288,rcurgenven8d@geocities.jp,M151,K3071832
332,Pegeen,Oliffe,Female,(524) 6764396,poliffe8e@gravatar.com,M595,K6047777
333,Moritz,Latan,Male,(617) 5587901,mlatan8f@canalblog.com,M175,O2869138
334,Kerr,Civitillo,Male,(327) 3792866,kcivitillo8g@ow.ly,M70,N9705857
335,Nikoletta,Trassler,Female,(789) 4704163,ntrassler8h@imageshack.us,M572,F2017402
336,Archie,Bruneau,Male,(270) 6063285,abruneau8i@aol.com,M188,J3972834
337,Octavius,Rignall,Male,(955) 1009312,orignall8j@cnn.com,M794,J6411229
338,Konstantin,Masser,Male,(170) 7555397,kmasser8k@google.nl,M655,E6611122
339,Ambrosio,Stuchbery,Male,(207) 1924841,astuchbery8l@chron.com,M203,J3512034
340,Leontyne,Mougin,Agender,(512) 4495415,lmougin8m@uiuc.edu,M826,Q2130083
341,Joli,Buxcey,Agender,(597) 5219094,jbuxcey8n@sakura.ne.jp,M307,A3469759
342,Rand,Jelliman,Male,(883) 1464871,rjelliman8o@amazon.co.jp,M567,Y3528154
343,Cosmo,Davet,Male,(901) 2529898,cdavet8p@webmd.com,M38,J4254499
344,Kile,Ryves,Polygender,(572) 9488724,kryves8q@cbc.ca,M207,R4312227
345,Jania,Rojas,Female,(661) 7137553,jrojas8r@vimeo.com,M356,F2523927
346,Lolita,Girtin,Female,(322) 8022636,lgirtin8s@aol.com,M702,F5006112
347,Gabi,Poge,Male,(600) 1156086,gpoge8t@apple.com,M657,Z7231325
348,Benoite,Ollivier,Female,(566) 2527243,bollivier8u@dell.com,M339,Y8948231
349,Daisie,Farnaby,Female,(788) 1078638,dfarnaby8v@qq.com,M391,V4374764
350,Worden,Todeo,Male,(777) 8696211,wtodeo8w@list-manage.com,M163,E5365462
351,Dagny,Jime,Male,(434) 2449150,djime8x@miibeian.gov.cn,M331,R9087179
352,Sarajane,Waliszewski,Female,(129) 1762639,swaliszewski8y@weebly.com,M587,O9586692
353,Ewell,Morten,Male,(278) 3632254,emorten8z@sfgate.com,M210,Y6340063
354,Maximilianus,Bukowski,Male,(304) 5433021,mbukowski90@cocolog-nifty.com,M971,I3529756
355,Eddie,Brosi,Polygender,(365) 6476153,ebrosi91@google.de,M895,K8588772
356,Phillipp,Oldrey,Male,(867) 9804147,poldrey92@storify.com,M363,F8326755
357,Yoko,Porrett,Female,(596) 5842132,yporrett93@merriam-webster.com,M253,L8412086
358,Alix,Philips,Male,(301) 7160642,aphilips94@vimeo.com,M935,U7927271
359,Mireille,Frankiewicz,Female,(338) 1795716,mfrankiewicz95@usnews.com,M703,P9093685
360,Guy,Sammon,Male,(332) 2760731,gsammon96@nih.gov,M369,M6775501
361,Caleb,Escolme,Male,(283) 2482445,cescolme97@shareasale.com,M211,J5750054
362,Darrelle,McKniely,Female,(367) 3545475,dmckniely98@loc.gov,M227,O8782273
363,Odell,Caverhill,Male,(818) 8323311,ocaverhill99@rambler.ru,M590,E9283146
364,Ivett,Bellini,Female,(674) 3045958,ibellini9a@stanford.edu,M472,W1335460
365,Lauren,Blockwell,Female,(889) 4606969,lblockwell9b@goo.gl,M680,K8989929
366,Hanna,Lambird,Female,(363) 7563281,hlambird9c@phpbb.com,M544,J1819057
367,Petra,Lipscombe,Female,(135) 4151818,plipscombe9d@ifeng.com,M143,A9084594
368,Micheil,Ferrillio,Male,(216) 3706242,mferrillio9e@apple.com,M517,A8306139
369,Gael,Leftwich,Polygender,(530) 9128824,gleftwich9f@xrea.com,M334,M7849160
370,Hestia,Slocket,Female,(214) 2893248,hslocket9g@nytimes.com,M662,X7466997
371,Meredith,Genty,Male,(178) 3615978,mgenty9h@npr.org,M159,M5390058
372,Orv,Hanhart,Male,(237) 3292398,ohanhart9i@flickr.com,M762,J6982433
373,Gran,Wyper,Male,(668) 4484381,gwyper9j@usnews.com,M507,R5335365
374,Claudius,Anear,Male,(406) 9629907,canear9k@gov.uk,M286,Y6563169
375,Christabella,Seeds,Female,(979) 8576312,cseeds9l@bravesites.com,M394,Y9512419
376,Matias,Bertomier,Male,(519) 3869016,mbertomier9m@people.com.cn,M710,Y2726599
377,Boony,Flohard,Male,(409) 4866995,bflohard9n@goodreads.com,M489,W7341365
378,Cedric,Meere,Male,(999) 9065336,cmeere9o@forbes.com,M183,P7151417
379,Patric,McCraw,Male,(587) 8863447,pmccraw9p@guardian.co.uk,M324,T3136673
380,Janelle,Benedidick,Female,(454) 2741135,jbenedidick9q@guardian.co.uk,M144,R9228171
381,Waylen,Limbourne,Male,(219) 3899145,wlimbourne9r@artisteer.com,M522,N3815882
382,Sapphire,Haskey,Female,(948) 9441981,shaskey9s@360.cn,M416,R9748790
383,Reade,Giacopetti,Male,(881) 9513579,rgiacopetti9t@vistaprint.com,M786,J3704900
384,Mady,Luck,Female,(654) 2418769,mluck9u@buzzfeed.com,M679,S7689725
385,Gaultiero,MacCorkell,Male,(107) 9537886,gmaccorkell9v@123-reg.co.uk,M692,G4955502
386,Orelle,De Vile,Female,(446) 7709114,odevile9w@jiathis.com,M270,B4420549
387,Johnette,Olenov,Female,(271) 6891305,jolenov9x@webs.com,M66,L9772015
388,Neile,Garr,Female,(143) 1979716,ngarr9y@4shared.com,M94,W3115043
389,Kellina,Tims,Female,(759) 4131513,ktims9z@google.it,M139,Z4926849
390,Jessalin,Valentetti,Female,(396) 4135389,jvalentettia0@shutterfly.com,M767,C5937019
391,Lovell,Hoofe,Male,(832) 8279418,lhoofea1@scribd.com,M200,Y8171021
392,Loydie,Dudbridge,Male,(103) 2148751,ldudbridgea2@whitehouse.gov,M614,O1423349
393,Salaidh,Tickner,Female,(174) 1641749,sticknera3@51.la,M854,Y3080660
394,Margo,Heino,Female,(337) 6334677,mheinoa4@cnn.com,M851,R7238586
395,Reinaldos,Hordle,Male,(672) 1572099,rhordlea5@china.com.cn,M557,R4857549
396,Filia,Hempshall,Female,(302) 4160147,fhempshalla6@wikispaces.com,M981,T6521587
397,Curtice,O'Heneghan,Male,(122) 6366236,coheneghana7@bloglovin.com,M601,P4300684
398,Rowen,Clift,Male,(481) 9911610,rclifta8@sakura.ne.jp,M402,F7950285
399,Josee,MacCallester,Female,(551) 4804467,jmaccallestera9@newyorker.com,M224,Z7701972
400,Jarad,Martijn,Male,(209) 9778476,jmartijnaa@csmonitor.com,M352,X4116490
401,Husein,Karpets,Male,(821) 1794331,hkarpetsab@usda.gov,M830,Z2372244
402,Morgen,Dillinton,Male,(601) 1006155,mdillintonac@usgs.gov,M62,R5045395
403,Geraldine,De Dei,Female,(613) 8797005,gdedeiad@pen.io,M371,B9899234
404,Angie,Havenhand,Female,(418) 7047199,ahavenhandae@wikia.com,M688,Y6045127
405,Romola,Bonnette,Female,(538) 5932832,rbonnetteaf@imgur.com,M842,T1725993
406,Guido,Farrah,Male,(225) 7017215,gfarrahag@craigslist.org,M376,K6925688
407,Gabriele,Evans,Male,(542) 3648373,gevansah@51.la,M948,L3036501
408,Denise,Josling,Female,(913) 7873280,djoslingai@domainmarket.com,M231,S8572459
409,Corissa,Heersma,Female,(645) 2787794,cheersmaaj@vkontakte.ru,M604,Y2961410
410,Tyrone,Shirer,Polygender,(915) 2441253,tshirerak@uol.com.br,M718,P2179389
411,Budd,Iannuzzelli,Male,(283) 1968775,biannuzzellial@ted.com,M318,U1462597
412,Luis,Osgordby,Male,(712) 2024503,losgordbyam@nifty.com,M494,I2408067
413,Marlo,Larrington,Female,(154) 5689597,mlarringtonan@myspace.com,M309,C7696758
414,Thedrick,Hammor,Male,(158) 4441128,thammorao@fastcompany.com,M194,Z7500083
415,Cynthie,Fulbrook,Female,(794) 1898555,cfulbrookap@dropbox.com,M389,Z3391885
416,Tim,Cicutto,Female,(399) 8625339,tcicuttoaq@comcast.net,M206,Z1483730
417,Erinn,Myderscough,Female,(752) 3122268,emyderscoughar@businessinsider.com,M990,N2428232
418,Crosby,Turneux,Male,(680) 3064543,cturneuxas@fc2.com,M71,Y2399413
419,Xylia,Snead,Female,(714) 8052697,xsneadat@tamu.edu,M471,W4730449
420,Court,Pappi,Male,(591) 3198479,cpappiau@eepurl.com,M426,D8678941
421,Andres,Di Biasi,Male,(257) 3515109,adibiasiav@hhs.gov,M937,D5629771
422,Germayne,Faircloth,Male,(837) 9936670,gfairclothaw@nytimes.com,M848,P8849349
423,Philipa,Grigolashvill,Polygender,(136) 3009276,pgrigolashvillax@addtoany.com,M514,T8082202
424,Valentine,MacEvilly,Bigender,(722) 8574632,vmacevillyay@ucoz.ru,M504,R5559307
425,Buiron,Diament,Male,(908) 4691243,bdiamentaz@amazonaws.com,M127,P4383933
426,Ev,Pauli,Male,(914) 7280093,epaulib0@symantec.com,M550,T5837873
427,Myrle,Pendred,Female,(404) 7662699,mpendredb1@aboutads.info,M434,E8941129
428,Gan,Huban,Male,(303) 4736588,ghubanb2@addtoany.com,M277,W9676970
429,Simeon,Underdown,Male,(566) 5670355,sunderdownb3@flickr.com,M495,V2514883
430,Queenie,Wesson,Female,(707) 1678182,qwessonb4@cbslocal.com,M782,H1167094
431,Betteanne,Scholler,Female,(797) 2920507,bschollerb5@wix.com,M780,U9990860
432,Tana,Sisselot,Agender,(442) 2964663,tsisselotb6@dailymotion.com,M427,B5181285
433,Rey,McGrayle,Female,(574) 6141165,rmcgrayleb7@ifeng.com,M958,W2568410
434,Colette,Gathercole,Female,(586) 8878756,cgathercoleb8@blinklist.com,M853,W2273672
435,Mariya,Posen,Female,(252) 9968401,mposenb9@bizjournals.com,M714,A6131524
436,Mabelle,Deeley,Female,(489) 5938343,mdeeleyba@tuttocitta.it,M44,L3366222
437,Sharity,Coverdill,Female,(177) 9714848,scoverdillbb@unesco.org,M840,X8708431
438,Richmound,Gambie,Male,(721) 8607243,rgambiebc@oracle.com,M729,D2464016
439,Ulrika,Grayshan,Female,(394) 9076185,ugrayshanbd@csmonitor.com,M711,B3967209
440,Yancy,Pabelik,Male,(336) 8592914,ypabelikbe@prnewswire.com,M938,Q6094124
441,Lorrie,Frissell,Female,(434) 8389117,lfrissellbf@fema.gov,M329,Z7873773
442,Kacie,McGrory,Female,(733) 2951408,kmcgrorybg@redcross.org,M492,C4099571
443,Hugo,Weed,Male,(714) 8155432,hweedbh@smh.com.au,M105,C1987763
444,Washington,Secretan,Male,(511) 8718821,wsecretanbi@hugedomains.com,M698,E2361983
445,Lesya,Hynd,Female,(257) 7106157,lhyndbj@wisc.edu,M121,S4422506
446,Pepito,Corteis,Male,(442) 7034897,pcorteisbk@wikia.com,M445,D1081781
447,Gert,Rosenstein,Female,(973) 2038313,grosensteinbl@nasa.gov,M846,M8970820
448,Beau,Tunney,Male,(200) 6571440,btunneybm@booking.com,M980,V8594208
449,Zachary,Kindley,Male,(477) 7362854,zkindleybn@noaa.gov,M503,K8368157
450,Yehudi,Hamp,Male,(506) 8269239,yhampbo@google.com.au,M473,N1520126
451,Leonhard,Darlaston,Male,(389) 5696418,ldarlastonbp@etsy.com,M862,N9218227
452,Bo,Haylands,Male,(299) 2866876,bhaylandsbq@comsenz.com,M781,M6781685
453,Hannie,Lamming,Female,(619) 5583395,hlammingbr@craigslist.org,M589,V2455664
454,Patrice,Kearton,Female,(432) 2688786,pkeartonbs@tmall.com,M815,Z9762325
455,Olly,Halle,Male,(791) 3146936,ohallebt@eepurl.com,M541,Q4310990
456,Milly,Pren,Female,(172) 9019163,mprenbu@usnews.com,M89,A8695883
457,Vanny,Slayton,Female,(451) 5718109,vslaytonbv@princeton.edu,M542,V2879843
458,Inga,Ganing,Female,(562) 3297695,iganingbw@tuttocitta.it,M839,C3077835
459,Filbert,Standage,Male,(121) 9761039,fstandagebx@devhub.com,M459,I3932118
460,Heloise,Vaines,Non-binary,(509) 5387806,hvainesby@princeton.edu,M249,U7424308
461,Rube,Knowlson,Male,(452) 9897610,rknowlsonbz@columbia.edu,M243,O1827331
462,Chadd,Frankcombe,Male,(963) 4490214,cfrankcombec0@123-reg.co.uk,M526,Z4162294
463,Melinde,Boule,Female,(320) 5025025,mboulec1@networkadvertising.org,M524,Z7115008
464,Lilllie,Volker,Polygender,(207) 3444456,lvolkerc2@va.gov,M798,B5917565
465,Sophie,Pittendreigh,Female,(108) 2076408,spittendreighc3@youtube.com,M215,L8050766
466,Brander,Duplain,Male,(211) 1658970,bduplainc4@typepad.com,M379,J5915330
467,Ryan,Storrs,Male,(526) 1308420,rstorrsc5@squarespace.com,M385,M7282785
468,Ransom,Brodbin,Male,(691) 6415626,rbrodbinc6@macromedia.com,M357,Y4434337
469,Jarvis,Tomney,Non-binary,(704) 1332716,jtomneyc7@aol.com,M725,J7504332
470,Sile,Robertson,Female,(797) 8925894,srobertsonc8@homestead.com,M823,W6507241
471,Lindsay,Morfett,Male,(983) 7915282,lmorfettc9@1und1.de,M774,A3224515
472,Bartolomeo,Tellenbrook,Male,(386) 8254664,btellenbrookca@dyndns.org,M316,Q4435966
473,Marie,Heathwood,Female,(194) 8515830,mheathwoodcb@1und1.de,M905,F3085157
474,Pepe,Tuckerman,Male,(584) 4117672,ptuckermancc@pcworld.com,M287,B9311236
475,Abby,Brookesbie,Female,(544) 9474517,abrookesbiecd@odnoklassniki.ru,M940,I5503543
476,Rayner,Vella,Male,(192) 9830328,rvellace@exblog.jp,M313,Z1529641
477,Selby,Spoure,Male,(274) 9617234,sspourecf@sphinn.com,M173,E8594474
478,Theresita,Boness,Female,(159) 9923891,tbonesscg@msn.com,M295,S6044253
479,Andrei,Shillan,Female,(372) 9380526,ashillanch@thetimes.co.uk,M502,U6193023
480,Yancy,Turville,Male,(429) 9898131,yturvilleci@homestead.com,M690,T3958593
481,Carmel,Maddigan,Non-binary,(273) 4201635,cmaddigancj@alexa.com,M699,I5357277
482,Amery,Screen,Male,(902) 8326274,ascreenck@reuters.com,M552,S6059958
483,Aimee,Matous,Female,(784) 6823951,amatouscl@ihg.com,M412,G8279368
484,Christean,Djokic,Female,(912) 5573010,cdjokiccm@slideshare.net,M490,F6989672
485,Zena,Bourtoumieux,Female,(418) 5379572,zbourtoumieuxcn@liveinternet.ru,M908,P9080893
486,Kalina,Croucher,Female,(735) 5970483,kcroucherco@taobao.com,M261,P2471128
487,Eduardo,Gregan,Male,(347) 4614370,egregancp@sciencedirect.com,M977,Z3909562
488,Maxwell,Dairton,Genderqueer,(342) 8494724,mdairtoncq@spotify.com,M593,I4860881
489,Laurene,Cutchey,Bigender,(769) 5646158,lcutcheycr@printfriendly.com,M168,R9320117
490,Stephi,Rothwell,Female,(797) 2249380,srothwellcs@lycos.com,M950,U1069832
491,Ronni,Rossin,Female,(549) 5248451,rrossinct@prnewswire.com,M274,Q8020550
492,Rowland,Gillbee,Male,(732) 8669955,rgillbeecu@sogou.com,M419,S2003754
493,Chalmers,Aldersley,Male,(784) 3626997,caldersleycv@dyndns.org,M998,S7849884
494,Melodie,Chaldecott,Female,(837) 9622429,mchaldecottcw@cisco.com,M954,D6532942
495,Wallis,Cure,Male,(125) 2335447,wcurecx@mac.com,M269,D4251534
496,Rita,Achrameev,Female,(439) 7440509,rachrameevcy@ibm.com,M896,X1587769
497,Vassili,Eixenberger,Male,(340) 2408369,veixenbergercz@webs.com,M661,T8164417
498,Elise,Chattelaine,Female,(972) 4090505,echattelained0@bluehost.com,M272,I6219718
499,Heloise,Youngs,Female,(265) 1407048,hyoungsd1@xing.com,M643,M8638557
500,Genevra,Filan,Female,(230) 8016542,gfiland2@mozilla.org,M443,G4219760
501,Ly,Ells,Male,(106) 1827340,lellsd3@yandex.ru,M716,K4564555
502,Kaycee,Kille,Female,(989) 3910261,kkilled4@yelp.com,M628,D7421166
503,Amie,Beric,Female,(608) 7104156,abericd5@parallels.com,M867,S8536324
504,Leigh,Jewkes,Female,(598) 6374582,ljewkesd6@psu.edu,M801,P1904844
505,Pembroke,Pablo,Male,(913) 5383788,ppablod7@seesaa.net,M984,W5996206
506,Torre,Kretschmer,Male,(811) 7484516,tkretschmerd8@vkontakte.ru,M772,P8514204
507,Philis,Geach,Female,(950) 9559440,pgeachd9@auda.org.au,M880,F5228286
508,Shanie,Dasent,Female,(215) 1186252,sdasentda@typepad.com,M803,X4053988
509,Tye,Winders,Male,(846) 4011334,twindersdb@chron.com,M873,D1678174
510,Wilbert,Pennino,Bigender,(784) 2179643,wpenninodc@google.es,M538,T3888961
511,Abel,Landrean,Male,(713) 6352119,alandreandd@nifty.com,M73,X9941195
512,Ali,Menault,Male,(670) 3689746,amenaultde@cam.ac.uk,M336,W7510778
513,Minnaminnie,Andrejevic,Female,(337) 6226507,mandrejevicdf@goo.ne.jp,M682,O1081635
514,Audrye,Joblin,Female,(851) 1965754,ajoblindg@wiley.com,M333,H4037446
515,Modesta,Pestell,Female,(468) 4830216,mpestelldh@arstechnica.com,M790,C9185914
516,Jodee,Beven,Female,(152) 9207290,jbevendi@godaddy.com,M929,C7494097
517,Sax,Hayton,Male,(573) 3270089,shaytondj@comcast.net,M566,O5695631
518,Serene,Covotti,Female,(463) 7055217,scovottidk@abc.net.au,M972,Z9875654
519,Anallese,Geering,Female,(682) 6892601,ageeringdl@addtoany.com,M561,D1821291
520,Else,Pattisson,Female,(416) 8459208,epattissondm@goodreads.com,M266,H1929771
521,Lissy,Wimbury,Female,(938) 9951477,lwimburydn@businesswire.com,M237,R1924336
522,Kilian,Durham,Male,(411) 6486455,kdurhamdo@baidu.com,M498,A9039349
523,Hunt,Andrysiak,Male,(646) 2959591,handrysiakdp@gov.uk,M462,A1108982
524,Jeanette,Petrulis,Female,(692) 9327221,jpetrulisdq@reddit.com,M138,N2393912
525,Jeannette,McAlroy,Female,(973) 9319649,jmcalroydr@ycombinator.com,M807,A8080630
526,Merle,Collihole,Male,(271) 4442156,mcolliholeds@weebly.com,M152,I3828091
527,Luke,Seden,Male,(333) 9951991,lsedendt@jimdo.com,M244,N1176376
528,Charlie,Schuelcke,Male,(490) 5829223,cschuelckedu@smugmug.com,M706,O5384779
529,Paxton,Buggy,Male,(127) 6444271,pbuggydv@issuu.com,M551,W7687714
530,Tobiah,Lerner,Genderfluid,(432) 3382012,tlernerdw@admin.ch,M413,B1500949
531,Dwight,Lipson,Male,(280) 1236878,dlipsondx@last.fm,M806,U1934515
532,Tann,Faunch,Male,(179) 7820613,tfaunchdy@squarespace.com,M493,J2711776
533,Spence,Ryland,Male,(617) 8701270,srylanddz@opensource.org,M764,A5817365
534,Cristian,Grahlmans,Male,(599) 7825796,cgrahlmanse0@tinypic.com,M619,K5126817
535,Huntington,Wederell,Male,(707) 7839787,hwederelle1@4shared.com,M811,O7426058
536,Wadsworth,Ricciardello,Male,(221) 8382830,wricciardelloe2@dyndns.org,M209,T8911453
537,Pat,Buxton,Female,(235) 2702687,pbuxtone3@dion.ne.jp,M370,S2736235
538,Kendall,Tesmond,Male,(904) 7305080,ktesmonde4@disqus.com,M95,O7754203
539,Alexine,Vowells,Female,(249) 6575049,avowellse5@columbia.edu,M833,Y3485890
540,Anne-marie,Oakes,Female,(448) 8556498,aoakese6@theglobeandmail.com,M228,T4339612
541,Konstance,Twitchings,Female,(783) 1262908,ktwitchingse7@ehow.com,M837,B6105994
542,Katya,Downer,Non-binary,(805) 7359102,kdownere8@ycombinator.com,M664,X1244909
543,Aimil,Spellsworth,Female,(417) 4628613,aspellsworthe9@telegraph.co.uk,M34,Q3539053
544,Rhodie,Sorton,Female,(229) 3877440,rsortonea@weather.com,M640,O3964164
545,Clarence,Constantinou,Male,(836) 9233139,cconstantinoueb@prweb.com,M520,R3359953
546,Urbain,Tommei,Non-binary,(918) 8053000,utommeiec@timesonline.co.uk,M784,B6295701
547,Vilhelmina,Bernon,Female,(190) 1991452,vbernoned@nsw.gov.au,M985,V6809540
548,Glynda,Coop,Agender,(231) 1934987,gcoopee@yahoo.co.jp,M429,S3634109
549,Ricky,Gallardo,Male,(106) 2428341,rgallardoef@yahoo.co.jp,M126,X2543932
550,Lauraine,Gossan,Polygender,(985) 1004135,lgossaneg@edublogs.org,M342,T3972445
551,Ancell,Beamson,Male,(347) 8804224,abeamsoneh@cloudflare.com,M585,H4856825
552,Norean,Whight,Female,(369) 2486749,nwhightei@topsy.com,M476,B9128934
553,Mill,Molian,Agender,(821) 1058516,mmolianej@ask.com,M726,Z4889140
554,Suzette,Sofe,Female,(904) 2630965,ssofeek@irs.gov,M179,Y2149906
555,Torin,Coonihan,Male,(147) 6877741,tcoonihanel@eepurl.com,M240,K9699103
556,Ebba,Kirkup,Female,(678) 6668497,ekirkupem@mozilla.org,M314,Z3733630
557,Sybille,Naseby,Agender,(589) 5288570,snasebyen@angelfire.com,M428,V2606754
558,Jacqui,Sancto,Female,(233) 9314938,jsanctoeo@tinyurl.com,M36,I2761210
559,Mariana,Dmitrichenko,Female,(913) 7393923,mdmitrichenkoep@cargocollective.com,M843,F6529408
560,Elayne,Leere,Female,(875) 6320612,eleereeq@gizmodo.com,M568,V7294481
561,Kariotta,Scading,Female,(196) 8536954,kscadinger@blogtalkradio.com,M906,P7536757
562,Emmy,Satterlee,Female,(213) 2141175,esatterleees@w3.org,M787,R4996979
563,Maryann,Cockayne,Female,(713) 1684307,mcockayneet@washingtonpost.com,M477,C6651173
564,Heidi,Crewdson,Female,(332) 8018019,hcrewdsoneu@latimes.com,M540,W7190449
565,Shepard,Nono,Male,(612) 4709533,snonoev@istockphoto.com,M515,I6359589
566,Vinnie,Wrixon,Male,(532) 6546158,vwrixonew@dot.gov,M368,T7533939
567,Bridgette,Hebblewhite,Female,(373) 4438931,bhebblewhiteex@mysql.com,M858,G6523432
568,Rickie,Sweetsur,Genderqueer,(947) 8965394,rsweetsurey@prlog.org,M622,C1155939
569,Cynthy,Saywood,Female,(213) 3735612,csaywoodez@diigo.com,M715,J5934888
570,Berky,Souster,Male,(282) 7758195,bsousterf0@archive.org,M118,N9314711
571,Deni,Markel,Female,(455) 2349087,dmarkelf1@un.org,M221,G9259117
572,Oswell,Saich,Male,(708) 6420318,osaichf2@smh.com.au,M497,N6345862
573,Sarah,Thorald,Female,(284) 7998788,sthoraldf3@discovery.com,M375,S6405511
574,Tedman,Gladeche,Male,(979) 9915038,tgladechef4@reddit.com,M344,W4255890
575,Nance,Shinn,Female,(230) 3029455,nshinnf5@usda.gov,M113,Q6307767
576,Gabie,Sinden,Male,(454) 1257580,gsindenf6@qq.com,M827,D2352323
577,Lelia,Thomassin,Female,(432) 2470387,lthomassinf7@microsoft.com,M921,H5542845
578,Jillana,Lucey,Female,(231) 7709668,jluceyf8@oakley.com,M609,Z4883174
579,Pen,Pavlishchev,Male,(504) 1271509,ppavlishchevf9@springer.com,M195,W8162447
580,Katee,Bridewell,Female,(998) 1872202,kbridewellfa@fema.gov,M441,P7720348
581,Marianne,Stanfield,Female,(328) 1445985,mstanfieldfb@trellian.com,M989,K8710622
582,Shelli,Buckeridge,Female,(835) 1674946,sbuckeridgefc@blog.com,M223,M1146707
583,Ciro,Cosins,Male,(387) 1099828,ccosinsfd@hud.gov,M578,T5202617
584,Klara,Lowne,Female,(161) 5003196,klownefe@ebay.com,M304,O1784228
585,Harrie,Calbert,Female,(934) 1631961,hcalbertff@dot.gov,M176,E9480178
586,Geoffrey,Harm,Male,(840) 1084681,gharmfg@infoseek.co.jp,M660,B5033675
587,Ogden,Readett,Male,(307) 3433431,oreadettfh@liveinternet.ru,M317,Q5209971
588,Dorolisa,Pena,Genderfluid,(996) 8633918,dpenafi@icq.com,M864,G9937859
589,Mychal,Glavias,Male,(910) 7199570,mglaviasfj@sciencedaily.com,M76,Y4647065
590,Randal,Stroud,Male,(600) 8816989,rstroudfk@t-online.de,M574,Z4091136
591,Page,McNevin,Male,(162) 2363946,pmcnevinfl@addtoany.com,M92,F5904388
592,Ximenez,Skyme,Male,(957) 5522616,xskymefm@sourceforge.net,M626,N6852997
593,Tiffi,De Nisco,Non-binary,(301) 2300462,tdeniscofn@godaddy.com,M623,Q6720899
594,Rudie,Reder,Male,(981) 5928549,rrederfo@hibu.com,M915,J3864631
595,Hortense,Fullbrook,Female,(929) 5897658,hfullbrookfp@vkontakte.ru,M512,A8611065
596,Martica,Whistlecraft,Female,(588) 7003193,mwhistlecraftfq@walmart.com,M936,C2338781
597,Elysee,Cade,Female,(926) 2085836,ecadefr@sciencedaily.com,M229,R7546507
598,Tammie,Menendes,Male,(262) 2755996,tmenendesfs@narod.ru,M137,H2150977
599,Hurley,Calvey,Male,(449) 7907612,hcalveyft@angelfire.com,M300,Z5080600
600,Livvyy,Volkes,Genderfluid,(804) 8327298,lvolkesfu@virginia.edu,M869,C5596232
601,Cesaro,Bertrand,Male,(965) 2736458,cbertrandfv@amazonaws.com,M962,Z4557640
602,Huntington,Catherine,Male,(893) 6762565,hcatherinefw@sogou.com,M788,Q1052491
603,Curcio,Cutress,Male,(666) 5469416,ccutressfx@furl.net,M388,P4064672
604,Aube,Bettridge,Male,(469) 9064258,abettridgefy@usgs.gov,M360,E3712836
605,Hayden,Storck,Male,(625) 5473967,hstorckfz@businesswire.com,M414,D7607508
606,Golda,Penning,Female,(451) 1892505,gpenningg0@usda.gov,M205,J7711709
607,Michelle,Compfort,Female,(426) 5027956,mcompfortg1@dailymotion.com,M299,H9970239
608,Nert,Dowdell,Female,(618) 1254672,ndowdellg2@marketwatch.com,M534,I7114965
609,Cesaro,Dinsey,Male,(766) 8014028,cdinseyg3@narod.ru,M208,P6486579
610,John,Habden,Male,(709) 8378102,jhabdeng4@free.fr,M181,Z8757561
611,Ferrel,Pate,Male,(225) 9346892,fpateg5@fc2.com,M708,S7700508
612,Nettle,Roscamp,Female,(837) 8080780,nroscampg6@com.com,M54,I8165438
613,Mic,Lineham,Bigender,(557) 6238377,mlinehamg7@networkadvertising.org,M974,E5160831
614,Katerine,Sodeau,Genderfluid,(413) 3802225,ksodeaug8@narod.ru,M216,U6359704
615,Madalyn,Le Gassick,Female,(977) 3135788,mlegassickg9@rediff.com,M49,K4577503
616,Dunc,Godbehere,Male,(926) 5460448,dgodbeherega@blinklist.com,M631,V7462581
617,Dolf,Roderham,Male,(374) 7332979,droderhamgb@pbs.org,M776,A5669571
618,Eran,Reilinger,Female,(730) 6589993,ereilingergc@archive.org,M884,K9352188
619,Adair,Mulligan,Male,(938) 4427352,amulligangd@disqus.com,M836,I7756699
620,Dylan,Burfield,Male,(719) 7479182,dburfieldge@reference.com,M157,F5951158
621,Brandon,Toolin,Bigender,(349) 7612410,btoolingf@google.fr,M63,N5741621
622,Ellary,Cutting,Male,(398) 4150994,ecuttinggg@eepurl.com,M435,Z8699881
623,Roselia,Winscum,Female,(504) 8520035,rwinscumgh@google.com.br,M64,V4020671
624,Analiese,MattiCCI,Female,(144) 1371113,amatticcigi@dyndns.org,M341,U8404774
625,Herby,Caskie,Male,(124) 1023426,hcaskiegj@smh.com.au,M959,W4001413
626,Tremaine,Penton,Male,(583) 7840469,tpentongk@webnode.com,M264,Q2493843
627,Mickie,Ramsdale,Female,(219) 3239960,mramsdalegl@constantcontact.com,M361,S1828747
628,Lynett,Bernardes,Female,(530) 5528024,lbernardesgm@cbslocal.com,M241,G9711785
629,Anna-diane,De Freyne,Female,(559) 1551478,adefreynegn@imageshack.us,M901,T6792537
630,Shayne,Lorenzetti,Male,(701) 2641030,slorenzettigo@psu.edu,M739,V2033156
631,Cindie,Burnhams,Female,(185) 3207569,cburnhamsgp@list-manage.com,M348,I2413087
632,Gabriell,Flintiff,Female,(125) 2519843,gflintiffgq@edublogs.org,M297,C2990539
633,Harlen,Ollenbuttel,Male,(357) 7818428,hollenbuttelgr@un.org,M500,A2656060
634,Tedie,Wattam,Male,(363) 9211018,twattamgs@army.mil,M527,A3209443
635,Timmi,Perkin,Female,(871) 7000089,tperkingt@europa.eu,M383,P8440406
636,Betteann,O'Hickee,Agender,(611) 1664054,bohickeegu@wikia.com,M650,S7902202
637,Rhianna,Deary,Female,(760) 6094328,rdearygv@nasa.gov,M87,K6488462
638,Parnell,Ferran,Male,(606) 2268643,pferrangw@virginia.edu,M924,W9520454
639,Baily,Masser,Male,(802) 9159047,bmassergx@tripod.com,M252,G4951829
640,Beatriz,Kingwell,Female,(471) 1027713,bkingwellgy@123-reg.co.uk,M134,I7406743
641,Claudius,Penman,Male,(230) 1720974,cpenmangz@oaic.gov.au,M539,Z8278779
642,Horton,Cody,Male,(131) 6628297,hcodyh0@google.de,M615,V2291976
643,Claudius,Bothe,Male,(128) 4744385,cbotheh1@blogger.com,M672,R1315459
644,Happy,O' Faherty,Female,(842) 7135765,hofahertyh2@tripod.com,M667,Z4429284
645,Tanhya,Derbyshire,Female,(454) 1948236,tderbyshireh3@friendfeed.com,M521,K3171435
646,Obie,Allardyce,Male,(778) 8242751,oallardyceh4@mit.edu,M189,B4422708
647,Pip,Thorouggood,Male,(806) 8932985,pthorouggoodh5@gmpg.org,M214,C2258795
648,Steffen,Bwye,Male,(395) 3757281,sbwyeh6@zdnet.com,M98,A4111619
649,Clo,Points,Female,(336) 6618628,cpointsh7@ovh.net,M288,G1614569
650,Fredia,Bawles,Female,(285) 3485647,fbawlesh8@disqus.com,M871,K9707244
651,Raynell,Reboul,Non-binary,(101) 3830069,rreboulh9@prlog.org,M771,T1297465
652,Silvan,Rollitt,Male,(285) 7770993,srollittha@pcworld.com,M60,K3367852
653,Maddi,Guidetti,Genderqueer,(714) 6243656,mguidettihb@yale.edu,,K8497755
654,Elia,Gravatt,Male,(604) 4737503,egravatthc@constantcontact.com,,S5956237
655,Veronique,Stede,Female,(200) 6698671,vstedehd@google.it,,K8502721
656,Lenci,Wragge,Male,(153) 3043518,lwraggehe@constantcontact.com,,X3586539
657,Sal,Faireclough,Female,(163) 2252585,sfairecloughhf@istockphoto.com,,I8432511
658,Ezechiel,Bolitho,Male,(687) 3745737,ebolithohg@huffingtonpost.com,,N2776743
659,Gherardo,Yushachkov,Male,(755) 8846337,gyushachkovhh@wikipedia.org,,N8029254
660,Caro,Vayne,Female,(875) 1651175,cvaynehi@foxnews.com,,N4621143
661,Daryn,Kitchenman,Agender,(319) 5662510,dkitchenmanhj@hc360.com,,P3885445
662,Romy,Kneebone,Female,(797) 6082397,rkneebonehk@guardian.co.uk,,H9675287
663,Erik,Grigorescu,Male,(589) 3344633,egrigorescuhl@bravesites.com,,G8608609
664,Mirilla,Dixsee,Female,(725) 7928725,mdixseehm@feedburner.com,,P7910113
665,Rabbi,Broddle,Male,(730) 6345610,rbroddlehn@unc.edu,,O5793311
666,Hymie,Bartosiak,Male,(522) 9225336,hbartosiakho@gov.uk,,Y3768343
667,Kylen,Futcher,Female,(460) 6920053,kfutcherhp@engadget.com,,H8258886
668,Goldi,Merriment,Female,(313) 5753911,gmerrimenthq@umich.edu,,H5575761
669,Emlynn,Purtell,Female,(390) 4169736,epurtellhr@chicagotribune.com,,O6340431
670,Carney,Gopsell,Male,(832) 4409836,cgopsellhs@biglobe.ne.jp,,H3288104
671,Dav,Popelay,Male,(405) 1327474,dpopelayht@artisteer.com,,I5030961
672,Sari,Weiser,Agender,(165) 2386329,sweiserhu@weebly.com,,V4524782
673,Siobhan,McElhargy,Genderfluid,(213) 6380754,smcelhargyhv@tumblr.com,,U4251579
674,Arvie,Beche,Male,(972) 1273874,abechehw@china.com.cn,,R3147597
675,Zachariah,Dilrew,Male,(555) 8467892,zdilrewhx@merriam-webster.com,,A1857837
676,Tobe,Napleton,Female,(592) 6670076,tnapletonhy@ask.com,,L7582346
677,George,Leppo,Female,(693) 9473739,gleppohz@mysql.com,,I5058635
678,Ransell,Tellenbrok,Male,(218) 6571172,rtellenbroki0@flavors.me,,F9779385
679,Othella,Gosney,Female,(480) 6586998,ogosneyi1@tmall.com,,O7036668
680,Padraic,Tabor,Male,(422) 8035831,ptabori2@lycos.com,,T4455669
681,Heather,Stansall,Female,(338) 7220537,hstansalli3@youtube.com,,K5515141
682,Zara,Daugherty,Female,(792) 3580089,zdaughertyi4@freewebs.com,,C8092994
683,Sigvard,Elnaugh,Male,(674) 9104866,selnaughi5@xing.com,,Z2171889
684,Andrej,Abarough,Male,(627) 7730730,aabaroughi6@edublogs.org,,H2413797
685,Dorene,Giovannazzi,Female,(900) 1520617,dgiovannazzii7@e-recht24.de,,C9282030
686,Weylin,Haliday,Male,(212) 7132931,whalidayi8@yellowpages.com,,C5283723
687,Anny,Kunisch,Female,(577) 2371704,akunischi9@zdnet.com,,F1425062
688,Shelba,Duke,Female,(160) 4297545,sdukeia@aboutads.info,,A2153530
689,Renell,Niland,Female,(390) 7965973,rnilandib@apache.org,,C8481477
690,Jennee,Collabine,Female,(948) 9999510,jcollabineic@paginegialle.it,,W3337636
691,Roma,Officer,Male,(606) 1247864,rofficerid@about.me,,I7548608
692,Kristoffer,Athersmith,Male,(983) 8234724,kathersmithie@time.com,,J8684030
693,Letitia,Mattosoff,Female,(518) 1397158,lmattosoffif@nba.com,,L6477643
694,Karlene,Gittis,Female,(462) 4532086,kgittisig@360.cn,,B3899433
695,Patricio,Cahillane,Male,(328) 6099766,pcahillaneih@google.ru,,G9072804
696,Mitchell,Ferencowicz,Male,(648) 8524472,mferencowiczii@creativecommons.org,,G6773734
697,Antony,Whapple,Male,(325) 5364117,awhappleij@howstuffworks.com,,J2703766
698,Mercedes,Ilyasov,Female,(635) 9334850,milyasovik@tumblr.com,,B9734546
699,Reynold,Dumphrey,Male,(299) 5451357,rdumphreyil@opera.com,,L8378203
700,Lindsy,Warn,Female,(664) 4086974,lwarnim@cdc.gov,,C8917681
701,Nikki,Walewicz,Female,(526) 5872851,nwalewiczin@loc.gov,,R5593398
702,Glennie,Moat,Female,(409) 7221205,gmoatio@themeforest.net,,W7559294
703,Halimeda,Beauchamp,Female,(926) 8783375,hbeauchampip@newsvine.com,,Z7610051
704,Cullan,Brosoli,Male,(625) 6779923,cbrosoliiq@ucoz.ru,,M5800634
705,Cynthia,Oxenbury,Female,(953) 1188908,coxenburyir@google.it,,U6171428
706,Murvyn,Takkos,Male,(129) 8256114,mtakkosis@squidoo.com,,U6879836
707,Saxe,Jevon,Male,(324) 5181132,sjevonit@free.fr,,Q1831123
708,Arnold,Denington,Male,(552) 4307398,adeningtoniu@networkadvertising.org,,X7229677
709,Stephen,Heinig,Male,(447) 9947926,sheinigiv@mapy.cz,,M1077394
710,Ricky,Ackwood,Female,(962) 3333155,rackwoodiw@usnews.com,,N5058062
711,Katti,Skuce,Female,(740) 7147485,kskuceix@hugedomains.com,,D6419459
712,Eirena,Widocks,Female,(241) 8065320,ewidocksiy@google.ca,,Y9317466
713,Anson,Ailmer,Male,(313) 6344520,aailmeriz@free.fr,,H6122173
714,Burg,Mannering,Male,(761) 9624480,bmanneringj0@jigsy.com,,E6422829
715,Prentice,Coldtart,Male,(327) 4339817,pcoldtartj1@senate.gov,,D9904520
716,Arlinda,Surguine,Female,(681) 2929229,asurguinej2@yandex.ru,,J6066969
717,Amberly,Ondrak,Female,(880) 2932140,aondrakj3@mlb.com,,L9298511
718,Kinsley,Durrell,Male,(136) 7134706,kdurrellj4@tinypic.com,,D1384358
719,Jackqueline,Yosifov,Genderqueer,(191) 3846325,jyosifovj5@who.int,,X6738011
720,Lelia,de Guerre,Female,(611) 4928151,ldeguerrej6@jimdo.com,,U3483816
721,Renell,Damp,Female,(133) 6212882,rdampj7@lulu.com,,T6891516
722,Christie,Easterbrook,Male,(154) 9163900,ceasterbrookj8@1und1.de,,A6996253
723,Briano,Ivamy,Male,(965) 7249207,bivamyj9@phoca.cz,,V1592979
724,Ogden,Huban,Male,(574) 2888217,ohubanja@cnet.com,,D9988590
725,Martynne,Almack,Female,(460) 2885660,malmackjb@odnoklassniki.ru,,A4386461
726,Arlena,Tucknott,Female,(960) 2770860,atucknottjc@domainmarket.com,,E7347702
727,Kittie,Clausson,Non-binary,(355) 9512543,kclaussonjd@macromedia.com,,X6560984
728,Delia,Dikels,Female,(783) 2818695,ddikelsje@fema.gov,,U1377621
729,Marcelia,Ioan,Female,(946) 4345728,mioanjf@lulu.com,,D7639268
730,Martelle,Shurville,Female,(151) 3177929,mshurvillejg@printfriendly.com,,I7945754
731,Celka,Cocci,Female,(804) 6585722,ccoccijh@storify.com,,A7177694
732,Hyacinthie,Dahlberg,Female,(760) 2779075,hdahlbergji@naver.com,,S5768977
733,Brigit,Dubois,Female,(858) 9808902,bduboisjj@oaic.gov.au,,C2986508
734,Conny,Rooney,Polygender,(223) 2242687,crooneyjk@a8.net,,Z1080466
735,Giraud,Rickword,Male,(521) 3615747,grickwordjl@mozilla.com,,R4354886
736,Gretchen,Farnin,Female,(150) 7904599,gfarninjm@angelfire.com,,K6932657
737,Rurik,Rosenblum,Male,(175) 2931959,rrosenblumjn@state.tx.us,,S6532899
738,Tamarah,Gringley,Female,(544) 3522050,tgringleyjo@delicious.com,,I5411480
739,Bathsheba,Gyford,Female,(190) 6898378,bgyfordjp@photobucket.com,,X8354340
740,Stevy,Clitsome,Male,(308) 3157956,sclitsomejq@aboutads.info,,W2560284
741,Payton,Tweedie,Male,(633) 3979922,ptweediejr@homestead.com,,X6956698
742,Giulia,Rottger,Agender,(941) 2574795,grottgerjs@prweb.com,,P6325451
743,Clerissa,Moulson,Female,(372) 9721724,cmoulsonjt@soundcloud.com,,P6756829
744,Mignonne,Dabs,Female,(673) 2822489,mdabsju@oaic.gov.au,,F3611991
745,Birch,Simson,Male,(645) 6945991,bsimsonjv@edublogs.org,,S9515660
746,Anthia,MacFadyen,Genderfluid,(771) 1839376,amacfadyenjw@hubpages.com,,A1760513
747,Bank,Cosley,Male,(528) 2992433,bcosleyjx@msu.edu,,P4258603
748,Kathryne,Guttridge,Bigender,(375) 1275015,kguttridgejy@t.co,,Q2587071
749,Ivar,Hattigan,Male,(354) 1015160,ihattiganjz@apple.com,,C4181788
750,Peadar,MacAndreis,Male,(238) 6130086,pmacandreisk0@ning.com,,B2189240
751,Vita,Schubuser,Female,(385) 8900061,vschubuserk1@icq.com,,M6903935
752,Lulita,Stealfox,Female,(190) 1137782,lstealfoxk2@netvibes.com,,Q2845461
753,Shayne,Bispham,Male,(731) 5117732,sbisphamk3@multiply.com,,L5052417
754,Sofia,Musker,Female,(588) 5569507,smuskerk4@soup.io,,T3866442
755,Emlyn,Wartnaby,Male,(422) 8170043,ewartnabyk5@last.fm,,P2050749
756,Dorian,Mableson,Female,(737) 6334711,dmablesonk6@arstechnica.com,,N6628925
757,Kathrine,Rosenqvist,Female,(681) 5663383,krosenqvistk7@redcross.org,,T5853525
758,Filberto,Milbank,Male,(888) 3946703,fmilbankk8@reddit.com,,E5767154
759,Shelbi,Hawtin,Female,(810) 1015922,shawtink9@cisco.com,,N1688823
760,Glenna,Imlin,Female,(901) 9174156,gimlinka@list-manage.com,,J4250542
761,Chuck,Volke,Polygender,(897) 7879111,cvolkekb@bing.com,,G1688448
762,Timmy,Osborn,Male,(467) 5917213,tosbornkc@addtoany.com,,K7489116
763,Horten,Durrance,Male,(811) 2250613,hdurrancekd@yelp.com,,N7855409
764,Judon,Feldbaum,Male,(720) 5481274,jfeldbaumke@scientificamerican.com,,E8689288
765,Cynthia,Goudge,Female,(566) 2030480,cgoudgekf@wikispaces.com,,Y3043902
766,Brockie,Towsie,Male,(532) 8210004,btowsiekg@businessweek.com,,J2997519
767,Arnold,MacIlurick,Agender,(404) 3045150,amacilurickkh@hexun.com,,J9131793
768,Martino,Woodhams,Male,(829) 8295500,mwoodhamski@histats.com,,E8416165
769,Marketa,Maffioni,Genderfluid,(663) 5813124,mmaffionikj@amazon.de,,M2057869
770,Carmita,Billany,Female,(141) 8564521,cbillanykk@last.fm,,Y3429312
771,Janith,Di Antonio,Female,(830) 4903648,jdiantoniokl@google.de,,Q6253875
772,Mack,Bjerkan,Male,(439) 3573296,mbjerkankm@sogou.com,,S7356656
773,Olive,Blindermann,Female,(428) 7847617,oblindermannkn@clickbank.net,,R1822243
774,Lizzie,Grassett,Female,(760) 7750647,lgrassettko@bravesites.com,,N4748092
775,Aubert,Priddle,Male,(755) 1536938,apriddlekp@newyorker.com,,Y6214598
776,Drusi,Thornton,Female,(608) 3348103,dthorntonkq@i2i.jp,,P5817836
777,Burg,Gillies,Male,(930) 8674859,bgillieskr@nationalgeographic.com,,H4301479
778,Keri,Kinnerk,Female,(198) 9760789,kkinnerkks@sfgate.com,,Z1837841
779,Emmi,Wasbey,Female,(598) 5269361,ewasbeykt@arstechnica.com,,J4520989
780,Trish,Jesse,Female,(343) 1217121,tjesseku@japanpost.jp,,U7107520
781,Alexandrina,Roizn,Female,(486) 3519261,aroiznkv@tmall.com,,S1344821
782,Fabian,Shetliff,Male,(103) 3562788,fshetliffkw@51.la,,A7556948
783,Christa,Newitt,Female,(226) 4489696,cnewittkx@wired.com,,L7453613
784,Tuesday,Loxly,Female,(576) 5130609,tloxlyky@uol.com.br,,U9856287
785,Peggi,Lethem,Female,(383) 3728358,plethemkz@dagondesign.com,,P6198934
786,Dahlia,Abella,Female,(317) 6492129,dabellal0@opera.com,,N6392416
787,Aubree,Hackney,Female,(624) 3217526,ahackneyl1@goodreads.com,,E3804347
788,Fanchon,Hayford,Female,(359) 1969547,fhayfordl2@dedecms.com,,E4516449
789,Alex,Kensall,Male,(827) 6568114,akensalll3@samsung.com,,M3506100
790,Oswald,Allwell,Male,(221) 5411700,oallwelll4@hibu.com,,R6249656
791,Leontine,Slimmon,Female,(370) 5166637,lslimmonl5@ucsd.edu,,N9761157
792,Hadleigh,Cornely,Bigender,(248) 6800720,hcornelyl6@foxnews.com,,N8175108
793,Dino,Gamble,Male,(355) 7706803,dgamblel7@jugem.jp,,S1233582
794,Carol,Mackerel,Female,(226) 7769872,cmackerell8@dagondesign.com,,T2247536
795,Tomkin,Backler,Male,(753) 7712655,tbacklerl9@ca.gov,,B6529231
796,Riki,Haimes,Female,(983) 1877135,rhaimesla@dell.com,,F2494574
797,Victor,Croyser,Male,(491) 8184546,vcroyserlb@epa.gov,,L2623517
798,Albrecht,Barnet,Male,(908) 2115523,abarnetlc@hc360.com,,O2573258
799,Darlleen,Pernell,Female,(115) 7625221,dpernellld@jigsy.com,,S3440032
800,Candace,Stickins,Non-binary,(772) 4497640,cstickinsle@irs.gov,,A2342725
801,Veronica,Folkerts,Female,(590) 8410889,vfolkertslf@liveinternet.ru,,O5800040
802,Mariya,Alvis,Female,(989) 1534627,malvislg@chronoengine.com,,F7882050
803,Averyl,Smeath,Female,(308) 5420354,asmeathlh@amazon.co.uk,,F2101609
804,Charmian,Penhall,Bigender,(366) 8984964,cpenhallli@hp.com,,H4560339
805,Lyn,Swindell,Female,(338) 1059306,lswindelllj@studiopress.com,,V2316280
806,Junia,Waywell,Female,(373) 5174310,jwaywelllk@boston.com,,Q2755560
807,Raddie,Demetr,Male,(180) 1863335,rdemetrll@ehow.com,,F9858683
808,Cass,Dog,Male,(706) 5275793,cdoglm@joomla.org,,D4503540
809,Morty,Roseby,Male,(483) 5945012,mrosebyln@yahoo.com,,L2237559
810,Basile,Wilcott,Genderqueer,(509) 8237155,bwilcottlo@1und1.de,,N7852531
811,Kinna,Whiff,Female,(472) 8807649,kwhifflp@barnesandnoble.com,,V9641983
812,Heidie,Roman,Female,(866) 9260308,hromanlq@reverbnation.com,,W9344995
813,Emmett,Girvan,Male,(490) 5812740,egirvanlr@ucoz.com,,I4079707
814,Sibyl,Withrop,Male,(212) 6897003,swithropls@clickbank.net,,A7116375
815,Zacharia,Tuckie,Male,(774) 8892540,ztuckielt@nih.gov,,F8008938
816,Sloan,Prestland,Male,(450) 9889748,sprestlandlu@paypal.com,,V7694643
817,Kimberlee,Latty,Female,(199) 5400739,klattylv@jiathis.com,,R5357074
818,Grazia,Stanislaw,Female,(498) 6127154,gstanislawlw@barnesandnoble.com,,U1049061
819,Alan,Uebel,Male,(422) 5256953,auebellx@booking.com,,K3453989
820,Derick,Chiechio,Male,(994) 6583541,dchiechioly@twitpic.com,,D8624808
821,Arly,Coen,Female,(803) 9942222,acoenlz@nationalgeographic.com,,C1867100
822,Prudy,Kemmons,Female,(113) 8999578,pkemmonsm0@cbslocal.com,,D9652671
823,Lacey,Doggerell,Female,(469) 7467663,ldoggerellm1@npr.org,,U5234332
824,Ginger,Dalziell,Male,(157) 5326062,gdalziellm2@msn.com,,T8988620
825,Luciana,Visick,Female,(603) 6809862,lvisickm3@imageshack.us,,O7998996
826,Neall,Daoust,Male,(581) 3405743,ndaoustm4@dailymail.co.uk,,D9000426
827,Ericha,Rodenhurst,Female,(672) 2463157,erodenhurstm5@independent.co.uk,,Y1222594
828,Alejandrina,Wife,Female,(210) 5132763,awifem6@si.edu,,T6903299
829,Vevay,Marchent,Female,(648) 7200914,vmarchentm7@amazon.com,,Q4581497
830,Salomon,Reinbach,Male,(593) 5995244,sreinbachm8@uiuc.edu,,V8816942
831,Gordan,Ewens,Male,(957) 5424599,gewensm9@networkadvertising.org,,G9168938
832,Felipe,Caines,Genderfluid,(355) 8688518,fcainesma@addtoany.com,,G7096350
833,Yolanda,Aldus,Female,(483) 2843357,yaldusmb@yellowpages.com,,H1333836
834,Cassandry,Climance,Non-binary,(477) 1659920,cclimancemc@mashable.com,,Q2520699
835,Allison,Safe,Female,(445) 8625457,asafemd@creativecommons.org,,J7647890
836,Duncan,Clausius,Male,(114) 6529774,dclausiusme@qq.com,,V7631561
837,Charita,Biskup,Female,(377) 7327493,cbiskupmf@uiuc.edu,,W7044340
838,Dannie,McCrainor,Male,(594) 1064552,dmccrainormg@chron.com,,E5655899
839,Sandie,Deville,Female,(627) 9999530,sdevillemh@cnet.com,,F4381094
840,Amata,Vasechkin,Female,(939) 7991185,avasechkinmi@wufoo.com,,L2653576
841,Gaultiero,Bytheway,Male,(311) 4127845,gbythewaymj@amazon.de,,D2480220
842,Dyna,Tomaino,Female,(865) 4268968,dtomainomk@tamu.edu,,O5397263
843,Jammie,Stathor,Female,(913) 9471018,jstathorml@eventbrite.com,,U3334648
844,Bourke,Faas,Male,(392) 5465672,bfaasmm@weather.com,,Y7115647
845,Yorke,Sloat,Male,(483) 4837784,ysloatmn@desdev.cn,,B5184887
846,Tybalt,Dalby,Male,(742) 7607328,tdalbymo@ow.ly,,W7296341
847,Shirlene,D'eye,Female,(451) 9959109,sdeyemp@nydailynews.com,,E2396658
848,Merilee,Pittet,Female,(652) 9030121,mpittetmq@msn.com,,Z2282793
849,Sawyer,Dewfall,Male,(742) 2286569,sdewfallmr@thetimes.co.uk,,H7734756
850,Agnesse,Nend,Female,(368) 4344450,anendms@reuters.com,,X8870787
851,Rayna,O'Hear,Female,(907) 3981282,rohearmt@earthlink.net,,X9457009
852,Jan,Upsale,Female,(321) 6017769,jupsalemu@ucoz.ru,,A7526593
853,Orella,Posselow,Female,(994) 7191286,oposselowmv@mac.com,,O7497823
854,Fons,Simond,Male,(537) 3899527,fsimondmw@reddit.com,,D1140483
855,Taite,Liccardo,Male,(104) 3140194,tliccardomx@latimes.com,,A2939551
856,Vikky,Malsher,Female,(581) 5998331,vmalshermy@jigsy.com,,W5883079
857,Loralie,Sarton,Female,(564) 7873423,lsartonmz@edublogs.org,,V8754910
858,Paul,Jeakins,Male,(672) 6883998,pjeakinsn0@mail.ru,,S5793780
859,Jayne,Eadmead,Female,(780) 2283073,jeadmeadn1@com.com,,I1938735
860,Robbin,Maneylaws,Non-binary,(194) 7491218,rmaneylawsn2@networksolutions.com,,O3785194
861,Doria,Kemwal,Female,(591) 4015027,dkemwaln3@myspace.com,,M4218382
862,Hildy,Grube,Female,(371) 8889415,hgruben4@posterous.com,,J1993009
863,Bondon,Dibdin,Male,(221) 5517362,bdibdinn5@scientificamerican.com,,D2247373
864,Son,Bowell,Male,(730) 2861989,sbowelln6@google.cn,,N4700355
865,Amber,Hightown,Polygender,(133) 6039075,ahightownn7@answers.com,,C4336487
866,Phillipp,Forri,Male,(895) 2444415,pforrin8@europa.eu,,S6439158
867,Bryana,Mash,Female,(913) 5680988,bmashn9@tmall.com,,P4447483
868,Mikaela,Pengelley,Female,(688) 6302649,mpengelleyna@dyndns.org,,Q2132039
869,Raddy,Jozefowicz,Male,(617) 6590807,rjozefowicznb@so-net.ne.jp,,T9857239
870,Thain,Prangnell,Male,(965) 3357345,tprangnellnc@uol.com.br,,O2960204
871,Conan,Gillmore,Male,(159) 2810097,cgillmorend@cloudflare.com,,L3715982
872,Berk,Felten,Male,(617) 2508161,bfeltenne@xinhuanet.com,,Y5394483
873,Gilles,Reyburn,Male,(844) 1196720,greyburnnf@fema.gov,,U9980567
874,Selby,McKeller,Male,(532) 6329148,smckellerng@amazon.com,,C9765857
875,Charlton,Pellew,Male,(344) 5293617,cpellewnh@yahoo.com,,Y7543479
876,Pierson,Theze,Male,(774) 6322284,pthezeni@nasa.gov,,X5824631
877,Alfi,Millard,Female,(245) 4642304,amillardnj@narod.ru,,Z4007518
878,Lonna,Gooley,Female,(424) 9709639,lgooleynk@macromedia.com,,N1999614
879,Georgeta,Elphinstone,Female,(191) 3608262,gelphinstonenl@networkadvertising.org,,R6653990
880,Kit,Wiersma,Male,(229) 3920092,kwiersmanm@cdbaby.com,,R8551094
881,Gonzalo,Bateson,Male,(143) 5169176,gbatesonnn@yolasite.com,,C9279076
882,Nathan,Sciacovelli,Non-binary,(301) 7030733,nsciacovellino@newsvine.com,,D3597246
883,Sollie,MacTrustam,Male,(557) 9489779,smactrustamnp@gnu.org,,G5053406
884,Otis,Coleford,Male,(839) 8277242,ocolefordnq@unblog.fr,,C1907340
885,Rosalinda,Rolles,Female,(414) 9259270,rrollesnr@google.com,,A2726522
886,Garvey,Alecock,Male,(832) 8524110,galecockns@opera.com,,P6358910
887,Jacynth,Buttler,Female,(976) 4743945,jbuttlernt@dropbox.com,,B9565284
888,Parker,Myrie,Male,(761) 4983039,pmyrienu@1und1.de,,T3193777
889,Dena,Farleigh,Female,(199) 1316199,dfarleighnv@livejournal.com,,J8626290
890,Aloisia,Sonier,Female,(427) 3784223,asoniernw@sfgate.com,,Q6264466
891,Dulsea,Hryncewicz,Female,(315) 8286656,dhryncewicznx@seattletimes.com,,V7631559
892,Lek,Gibben,Male,(468) 3411333,lgibbenny@netscape.com,,E4777507
893,Vasili,Carling,Male,(495) 5496669,vcarlingnz@yandex.ru,,O8581621
894,Lulu,Olman,Female,(507) 6130921,lolmano0@t.co,,H2938444
895,Cate,Pacey,Female,(408) 8445527,cpaceyo1@sohu.com,,A9677414
896,Shannon,Gilluley,Female,(845) 9744411,sgilluleyo2@squarespace.com,,M4808265
897,Jilli,Ellsom,Genderfluid,(862) 9403084,jellsomo3@wikipedia.org,,T3237322
898,Rog,Mussetti,Genderfluid,(361) 2363629,rmussettio4@apache.org,,H9423114
899,Myron,Philippard,Male,(813) 1229874,mphilippardo5@vkontakte.ru,,C5446403
900,Frederigo,Kinnard,Male,(621) 6012131,fkinnardo6@toplist.cz,,X5037094
901,Van,Dufoure,Male,(925) 3724878,vdufoureo7@engadget.com,,N6630825
902,Kellina,Schiersch,Female,(952) 4031641,kschierscho8@ft.com,,Q7506854
903,Odetta,Senner,Female,(193) 5295934,osennero9@vk.com,,Q7697230
904,Frank,Smaridge,Female,(896) 5815743,fsmaridgeoa@qq.com,,O6654163
905,Hakim,Rosario,Male,(461) 5950710,hrosarioob@fc2.com,,I2780024
906,Any,Bartleman,Male,(686) 2281448,abartlemanoc@imageshack.us,,I2797275
907,Elisabeth,Linstead,Female,(662) 7213456,elinsteadod@arstechnica.com,,D2024140
908,Bryanty,Frayne,Male,(690) 8463346,bfrayneoe@cdc.gov,,H6699872
909,Thayne,Laurencot,Male,(199) 9550449,tlaurencotof@sphinn.com,,Z7248600
910,Erminie,Pearmine,Genderfluid,(969) 5208301,epearmineog@ning.com,,Q5816995
911,Timothy,Dinneges,Male,(938) 1283562,tdinnegesoh@artisteer.com,,U8898708
912,Aarika,Louth,Genderqueer,(645) 9288340,alouthoi@ucoz.com,,C9338008
913,Amie,Castellucci,Female,(254) 3759697,acastelluccioj@nytimes.com,,S4015844
914,Tillie,Purchon,Female,(625) 1660804,tpurchonok@biglobe.ne.jp,,O2206343
915,Danyelle,Sidsaff,Female,(209) 3488355,dsidsaffol@independent.co.uk,,O5191994
916,Pennie,Duiged,Female,(113) 7386782,pduigedom@ow.ly,,H9940976
917,Dimitri,Spellar,Male,(119) 8610177,dspellaron@infoseek.co.jp,,V7816223
918,Ernestus,Petrovic,Male,(860) 7671788,epetrovicoo@amazon.de,,C9733806
919,Helsa,McDuff,Genderfluid,(396) 8711863,hmcduffop@squidoo.com,,E4659351
920,Elizabet,Grundle,Female,(390) 8798805,egrundleoq@squidoo.com,,M4099110
921,Freddie,Durrad,Female,(240) 7991516,fdurrador@alexa.com,,C9161440
922,Marla,Plackstone,Female,(576) 6721462,mplackstoneos@trellian.com,,C3897545
923,Kerrin,Giron,Female,(513) 4051247,kgironot@nba.com,,R1379437
924,Phylis,Krikorian,Non-binary,(257) 2526890,pkrikorianou@tmall.com,,F3272351
925,Cassius,Dysart,Male,(558) 7973990,cdysartov@senate.gov,,X4753527
926,Minnaminnie,Kelemen,Female,(804) 6456041,mkelemenow@thetimes.co.uk,,V3622506
927,Vevay,Stripling,Female,(283) 5482746,vstriplingox@comcast.net,,N4237176
928,Chicky,Swinglehurst,Male,(262) 6013143,cswinglehurstoy@bluehost.com,,R6408548
929,Towney,Conaboy,Male,(403) 7213280,tconaboyoz@mayoclinic.com,,V3097011
930,Dory,Hazeup,Male,(734) 9672725,dhazeupp0@cnbc.com,,L6380250
931,Pandora,O'Lennachain,Female,(912) 9392515,polennachainp1@springer.com,,O3134511
932,Florri,Cauldfield,Female,(297) 2463263,fcauldfieldp2@sun.com,,R9201821
933,Geno,Banat,Male,(399) 6492868,gbanatp3@epa.gov,,U2005289
934,Kennan,Redihalgh,Male,(721) 5879581,kredihalghp4@techcrunch.com,,Z5026239
935,Hermy,Rowett,Male,(402) 1975893,hrowettp5@harvard.edu,,A4017217
936,Millard,Kees,Male,(972) 4197847,mkeesp6@seesaa.net,,Q4658868
937,Zaneta,Fain,Female,(987) 6145013,zfainp7@so-net.ne.jp,,P1547443
938,Meir,Sconce,Male,(652) 4421666,msconcep8@github.com,,V2411512
939,Aksel,Laughton,Male,(365) 1744981,alaughtonp9@prnewswire.com,,Y1430665
940,Cristin,Ogley,Female,(319) 5722907,cogleypa@amazonaws.com,,V6633258
941,Hadleigh,Chown,Male,(830) 6827951,hchownpb@stanford.edu,,Z3881491
942,Renata,Littlepage,Genderqueer,(927) 2618342,rlittlepagepc@usda.gov,,B6620889
943,Elyssa,Garfirth,Female,(566) 9295790,egarfirthpd@cam.ac.uk,,G4160765
944,Freedman,Genery,Male,(619) 7647646,fgenerype@wikia.com,,T1732219
945,Price,Dyne,Male,(845) 7067708,pdynepf@businesswire.com,,C6875295
946,Andrea,Paule,Male,(398) 5779298,apaulepg@quantcast.com,,N5730359
947,Carline,Gadman,Female,(709) 2791932,cgadmanph@patch.com,,K9755151
948,Flossi,Trevenu,Genderqueer,(855) 7075119,ftrevenupi@redcross.org,,P6607777
949,Gonzalo,Flarity,Male,(758) 5929451,gflaritypj@myspace.com,,D7025272
950,Giffie,Grebbin,Genderfluid,(722) 3144074,ggrebbinpk@google.com.hk,,B2914856
951,Sidonnie,Pinhorn,Female,(713) 9266212,spinhornpl@shutterfly.com,,Z8850662
952,Tanny,Trowell,Male,(960) 1624488,ttrowellpm@toplist.cz,,A8675489
953,Adrea,Oldfield-Cherry,Female,(908) 9214472,aoldfieldcherrypn@senate.gov,,C1454278
954,Marilee,Cleverly,Female,(493) 3719734,mcleverlypo@alibaba.com,,S2560081
955,Kimmie,D'Ambrogio,Female,(224) 3218457,kdambrogiopp@youtube.com,,P7811323
956,Matias,Corringham,Male,(262) 1010238,mcorringhampq@biglobe.ne.jp,,R1180504
957,Margalit,Iwanowski,Female,(997) 2152137,miwanowskipr@oaic.gov.au,,I2758223
958,Reggy,Leake,Male,(980) 6966214,rleakeps@whitehouse.gov,,P7509506
959,Moina,Reeves,Female,(621) 6936965,mreevespt@businessinsider.com,,I2559061
960,Karalynn,Eliasson,Female,(947) 7064226,keliassonpu@state.gov,,M5005904
961,Brose,Cron,Male,(446) 2684690,bcronpv@usda.gov,,H3978358
962,Carly,Bermingham,Male,(163) 3328612,cberminghampw@facebook.com,,P5608576
963,Julius,Beadon,Male,(997) 2559247,jbeadonpx@europa.eu,,J8002777
964,Freddy,Prickett,Female,(909) 4641753,fprickettpy@4shared.com,,S2344780
965,Lorna,Got,Female,(553) 7494592,lgotpz@amazonaws.com,,B9175420
966,Nico,Spencer,Male,(255) 5250428,nspencerq0@sun.com,,R6268274
967,Margaux,Kolakowski,Female,(470) 7263099,mkolakowskiq1@biblegateway.com,,J4491573
968,Ladonna,Culpin,Female,(669) 3588820,lculpinq2@unesco.org,,A1556669
969,Sebastian,Kinghorne,Genderfluid,(570) 4998170,skinghorneq3@ftc.gov,,E9793930
970,Randee,Fosse,Polygender,(443) 3421244,rfosseq4@fastcompany.com,,M3960681
971,Caye,Spellar,Female,(603) 5496104,cspellarq5@microsoft.com,,Y4880903
972,Peterus,Liddle,Male,(280) 1721606,pliddleq6@smh.com.au,,I5622743
973,Evan,Pash,Male,(475) 6979993,epashq7@archive.org,,R3491883
974,Israel,Whalley,Male,(251) 8548286,iwhalleyq8@bizjournals.com,,R7368813
975,Michaela,Burnand,Female,(473) 5019737,mburnandq9@msu.edu,,V5293790
976,Nelly,Tetlow,Polygender,(340) 3663234,ntetlowqa@census.gov,,P8385285
977,Elia,Christene,Male,(216) 7423469,echristeneqb@gov.uk,,L6649326
978,Leslie,McKelvey,Female,(636) 3648219,lmckelveyqc@delicious.com,,Q5480209
979,Rodrique,Tytherton,Male,(277) 4186239,rtythertonqd@dyndns.org,,O1695004
980,Thurstan,Swane,Male,(898) 6571636,tswaneqe@webmd.com,,J4112974
981,Massimiliano,Rawsthorne,Male,(160) 2262570,mrawsthorneqf@independent.co.uk,,D8366996
982,Glori,Linne,Female,(290) 2749255,glinneqg@webs.com,,U3103194
983,Angelina,Powling,Female,(597) 5286510,apowlingqh@miitbeian.gov.cn,,J3869926
984,Nial,Johnsee,Male,(988) 1926097,njohnseeqi@xrea.com,,Q7236670
985,Ricki,Huckerbe,Male,(544) 1853124,rhuckerbeqj@csmonitor.com,,V6891611
986,Conchita,Lewington,Female,(961) 1888882,clewingtonqk@sbwire.com,,W6785063
987,Rolland,Pawley,Male,(503) 3951347,rpawleyql@independent.co.uk,,K5422752
988,D'arcy,Oswell,Male,(768) 1569194,doswellqm@unesco.org,,G1634912
989,Adore,Exley,Female,(678) 1480022,aexleyqn@opera.com,,A7833615
990,Casper,Camolli,Bigender,(702) 1818942,ccamolliqo@ocn.ne.jp,,I5270290
991,Barbie,Musla,Female,(704) 1451591,bmuslaqp@istockphoto.com,,N8287775
992,Sheila,Simmank,Female,(222) 1948515,ssimmankqq@odnoklassniki.ru,,C3705364
993,Dilan,Henniger,Male,(637) 4897991,dhennigerqr@nifty.com,,S7693818
994,Katy,Alexis,Female,(981) 5114484,kalexisqs@state.gov,,M6824730
995,Talbot,Warmisham,Male,(401) 4992199,twarmishamqt@uol.com.br,,C1699887
996,Barbey,Ida,Female,(161) 1131722,bidaqu@timesonline.co.uk,,L9318374
997,Ede,Haslum,Female,(480) 8166951,ehaslumqv@squidoo.com,,J3767287
998,Freedman,Leggat,Male,(544) 7217379,fleggatqw@google.it,,S8224167
999,Pip,Impett,Male,(427) 9474786,pimpettqx@ameblo.jp,,X1537663
1000,Dianemarie,Barwell,Female,(794) 8598982,dbarwellqy@sogou.com,,B1418685
1001,Halette,Ferie,Female,(131) 2071565,hferieqz@bbb.org,,L4527693
1002,Lexi,Lazare,Female,(930) 2506760,llazarer0@fema.gov,,H3053300
1003,Shelagh,Zanioletti,Female,(958) 3349456,szaniolettir1@npr.org,,V4183591
1004,Katrinka,Gilbard,Female,(908) 7123897,kgilbardr2@fda.gov,,J9247502
1005,Tiphany,Gaukrodge,Female,(970) 9808368,tgaukrodger3@google.es,,F2048926
1006,Reggie,McMillam,Female,(444) 2380126,rmcmillamr4@networksolutions.com,,M6853541
1007,Hogan,McCoveney,Male,(455) 6280423,hmccoveneyr5@github.io,,T9381346
1008,Robina,Brigshaw,Female,(299) 6350986,rbrigshawr6@istockphoto.com,,E3869613
1009,Lusa,Jeremaes,Genderfluid,(425) 2898121,ljeremaesr7@yahoo.co.jp,,D3012528
1010,Aurore,Geldert,Female,(906) 5364236,ageldertr8@webmd.com,,S8947685
1011,Kahaleel,Knightsbridge,Male,(759) 6786802,kknightsbridger9@plala.or.jp,,O5845201
1012,Hubert,O'Crevy,Male,(176) 5925432,hocrevyra@bing.com,,R2580276
1013,Hunfredo,Braemer,Male,(956) 7304131,hbraemerrb@slate.com,,S1804195
1014,Colet,Tolmie,Male,(234) 4130638,ctolmierc@kickstarter.com,,A5955219
1015,Holly,Pitman,Female,(536) 3934469,hpitmanrd@mac.com,,W3687687
1016,Shalom,Fidock,Bigender,(359) 7260751,sfidockre@php.net,,P2876364
1017,Natal,Austing,Male,(510) 4178544,naustingrf@google.com.au,,F4889516
1018,Kipp,Inger,Female,(468) 7708490,kingerrg@opera.com,,K9707859
1019,Myron,Hardes,Male,(829) 3655442,mhardesrh@chicagotribune.com,,T4751946
1020,Cymbre,Peachment,Female,(235) 5549894,cpeachmentri@google.com.au,,B6277059
1021,Isak,Pizzey,Male,(110) 2973886,ipizzeyrj@yahoo.com,,Y8722469
1022,Any,Pantling,Male,(675) 7871640,apantlingrk@craigslist.org,,T3329167
1023,Issie,Olivelli,Female,(409) 2347850,iolivellirl@home.pl,,H4144397
1024,Whit,Sandry,Male,(206) 9925068,wsandryrm@live.com,,F7708445
1025,Lizbeth,Neesham,Female,(584) 5974685,lneeshamrn@shinystat.com,,R9545502
1026,Carolynn,Shakeshaft,Non-binary,(931) 9735339,cshakeshaftro@pbs.org,,A9033845
1027,Roberto,Neissen,Non-binary,(679) 3569629,rneissenrp@jalbum.net,,T1434643
1028,Dermot,Lukins,Male,(864) 2690230,dlukinsrq@vinaora.com,,I6698066
1029,Chelsey,Brecknall,Female,(450) 5615205,cbrecknallrr@narod.ru,,H4263618
